0	6803	1.0	1526342400.0
1	2373	1.0	1525046400.0
2	7865	1.0	1529712000.0
3	4443	1.0	1502064000.0
4	7831	1.0	1530316800.0
5	2577	1.0	1466467200.0
6	50	1.0	1480723200.0
7	158	1.0	1516492800.0
8	3094	1.0	1488931200.0
9	6394	1.0	1499385600.0
10	6785	1.0	1475452800.0
11	5457	1.0	1465344000.0
12	410	1.0	1494460800.0
13	1244	1.0	1423008000.0
14	6812	1.0	1469232000.0
15	15	1.0	1466467200.0
16	6235	1.0	1523491200.0
17	7397	1.0	1522886400.0
18	503	1.0	1503446400.0
19	5220	1.0	1506297600.0
20	2769	1.0	1527206400.0
21	1075	1.0	1524182400.0
22	124	1.0	1507507200.0
23	7216	1.0	1464825600.0
24	1245	1.0	1515024000.0
25	1708	1.0	1513814400.0
26	723	1.0	1525219200.0
27	6328	1.0	1451260800.0
28	4620	1.0	1428537600.0
29	6818	1.0	1464912000.0
30	2719	1.0	1463356800.0
31	2980	1.0	1468540800.0
32	661	1.0	1522713600.0
33	78	1.0	1475452800.0
34	395	1.0	1465948800.0
35	6804	1.0	1479686400.0
36	1243	1.0	1458950400.0
37	4445	1.0	1521676800.0
38	176	1.0	1447632000.0
39	1789	1.0	1431388800.0
40	6803	1.0	1515888000.0
42	1888	1.0	1489968000.0
43	4150	1.0	1390176000.0
44	122	1.0	1493596800.0
45	950	1.0	1519171200.0
46	5369	1.0	1428883200.0
47	777	1.0	1506729600.0
48	6745	1.0	1457222400.0
49	961	1.0	1518998400.0
50	6696	1.0	1476316800.0
51	3400	1.0	1483142400.0
52	841	1.0	1516147200.0
53	2926	1.0	1459641600.0
54	5876	1.0	1481068800.0
55	4133	1.0	1509408000.0
56	78	1.0	1466899200.0
57	2592	1.0	1489708800.0
58	333	1.0	1482537600.0
59	2531	1.0	1416614400.0
60	3539	1.0	1484092800.0
61	4973	1.0	1504224000.0
62	662	1.0	1516579200.0
63	4440	1.0	1451174400.0
64	5541	1.0	1525564800.0
65	4383	1.0	1498435200.0
66	1410	1.0	1450051200.0
67	2464	1.0	1476576000.0
68	2548	1.0	1526342400.0
69	580	1.0	1505952000.0
70	1286	1.0	1500336000.0
71	6732	1.0	1515542400.0
74	6759	1.0	1498003200.0
76	2531	1.0	1521417600.0
77	2789	1.0	1492300800.0
78	1398	1.0	1497484800.0
79	6493	1.0	1486166400.0
80	7910	1.0	1537660800.0
81	961	1.0	1455753600.0
82	2852	1.0	1430784000.0
83	3705	1.0	1526947200.0
84	3399	1.0	1452902400.0
85	2946	1.0	1452816000.0
86	2975	1.0	1457740800.0
87	2468	1.0	1426809600.0
90	1164	1.0	1480636800.0
91	402	1.0	1506902400.0
93	5188	1.0	1506124800.0
94	7946	1.0	1516320000.0
95	5097	1.0	1492560000.0
96	6657	1.0	1446249600.0
97	5510	1.0	1521417600.0
98	3420	1.0	1442361600.0
99	2263	1.0	1424649600.0
100	698	1.0	1505779200.0
101	161	1.0	1477267200.0
102	7139	1.0	1506816000.0
103	680	1.0	1495497600.0
105	2705	1.0	1515024000.0
106	6702	1.0	1528416000.0
107	6713	1.0	1524441600.0
108	812	1.0	1509321600.0
109	275	1.0	1503187200.0
111	6690	1.0	1470009600.0
112	3213	1.0	1492819200.0
113	1286	1.0	1485820800.0
114	6252	1.0	1472515200.0
115	4802	1.0	1496016000.0
116	4973	1.0	1506297600.0
117	6706	1.0	1471910400.0
118	1184	1.0	1460851200.0
119	4019	1.0	1438732800.0
120	1451	1.0	1383868800.0
123	1974	1.0	1524441600.0
124	5807	1.0	1466121600.0
126	2821	1.0	1504915200.0
128	7730	1.0	1488153600.0
129	6368	1.0	1515110400.0
130	5189	1.0	1511308800.0
131	807	1.0	1486598400.0
132	6812	1.0	1419638400.0
133	486	1.0	1499558400.0
134	167	1.0	1491436800.0
135	3395	1.0	1488499200.0
136	4529	1.0	1495238400.0
137	2192	1.0	1518480000.0
138	4846	1.0	1473465600.0
139	2151	1.0	1504051200.0
140	5457	1.0	1453334400.0
141	50	1.0	1525478400.0
142	6834	1.0	1523491200.0
143	2346	1.0	1469232000.0
145	5701	1.0	1513555200.0
146	2977	1.0	1493164800.0
147	7864	1.0	1454630400.0
148	4509	1.0	1516752000.0
149	5067	1.0	1520035200.0
150	4534	1.0	1486166400.0
151	7498	1.0	1499644800.0
152	7113	1.0	1523664000.0
153	405	1.0	1494979200.0
154	5709	1.0	1475107200.0
155	1284	1.0	1527206400.0
156	1974	1.0	1522972800.0
157	6818	1.0	1466726400.0
158	6876	1.0	1480032000.0
159	7892	1.0	1486857600.0
160	1243	1.0	1447804800.0
161	3381	1.0	1435622400.0
162	6739	1.0	1526428800.0
163	5748	1.0	1480982400.0
164	1161	1.0	1519344000.0
165	1216	1.0	1468195200.0
166	2769	1.0	1525564800.0
168	4011	1.0	1426896000.0
169	3567	1.0	1470960000.0
170	1974	1.0	1524009600.0
171	1245	1.0	1503964800.0
172	7861	1.0	1476316800.0
173	3494	1.0	1494892800.0
174	6394	1.0	1523059200.0
175	845	1.0	1487980800.0
176	1324	1.0	1460937600.0
178	6396	1.0	1530748800.0
179	287	1.0	1484524800.0
180	6330	1.0	1501718400.0
181	1075	1.0	1487203200.0
182	109	1.0	1517184000.0
183	3605	1.0	1503964800.0
184	1883	1.0	1515456000.0
185	7645	1.0	1476748800.0
186	0	1.0	1518739200.0
187	6551	1.0	1473897600.0
188	5940	1.0	1517443200.0
190	2464	1.0	1523750400.0
191	5118	1.0	1485129600.0
192	2373	1.0	1524528000.0
193	6667	1.0	1451174400.0
194	1330	1.0	1522108800.0
195	3388	1.0	1475798400.0
196	1540	1.0	1449792000.0
197	6988	1.0	1524441600.0
198	653	1.0	1451174400.0
199	663	1.0	1482796800.0
200	878	1.0	1497139200.0
201	961	1.0	1523404800.0
202	6338	1.0	1479427200.0
203	5219	1.0	1511136000.0
204	6907	1.0	1477612800.0
205	6937	1.0	1488326400.0
206	6812	1.0	1519603200.0
207	7596	1.0	1488240000.0
208	7485	1.0	1500336000.0
209	7897	1.0	1489276800.0
210	1998	1.0	1486944000.0
212	6743	1.0	1488499200.0
213	5117	1.0	1475539200.0
214	7012	1.0	1501891200.0
215	6713	1.0	1532649600.0
216	1789	1.0	1412208000.0
217	5457	1.0	1466726400.0
218	6398	1.0	1524787200.0
219	3399	1.0	1519344000.0
220	3093	1.0	1500940800.0
221	1243	1.0	1446336000.0
222	4300	1.0	1519603200.0
223	662	1.0	1470268800.0
224	376	1.0	1490745600.0
225	7608	1.0	1505952000.0
226	874	1.0	1482969600.0
228	675	1.0	1509580800.0
229	6634	1.0	1524009600.0
230	2977	1.0	1469232000.0
231	1244	1.0	1458172800.0
232	5541	1.0	1526601600.0
233	5541	1.0	1410652800.0
234	1762	1.0	1502582400.0
235	2373	1.0	1523232000.0
236	1888	1.0	1527811200.0
237	424	1.0	1502841600.0
238	3256	1.0	1488499200.0
239	7682	1.0	1528848000.0
240	338	1.0	1484438400.0
241	3491	1.0	1411776000.0
242	7446	1.0	1484092800.0
243	3213	1.0	1482969600.0
244	5712	1.0	1524096000.0
245	7173	1.0	1481673600.0
246	5216	1.0	1510272000.0
248	5030	1.0	1456963200.0
249	1286	1.0	1482624000.0
250	639	1.0	1508716800.0
251	3745	1.0	1487980800.0
252	1286	1.0	1503619200.0
253	5530	1.0	1486339200.0
254	6434	1.0	1501977600.0
255	3134	1.0	1499040000.0
256	6536	1.0	1482192000.0
257	6465	1.0	1520553600.0
258	1132	1.0	1508889600.0
259	4398	1.0	1461369600.0
260	3343	1.0	1487030400.0
261	1819	1.0	1527465600.0
262	788	1.0	1507939200.0
263	107	1.0	1465689600.0
264	4779	1.0	1515196800.0
265	3112	1.0	1459382400.0
266	2479	1.0	1519084800.0
267	2522	1.0	1480550400.0
268	3719	1.0	1520380800.0
269	4077	1.0	1448323200.0
270	1083	1.0	1507939200.0
271	6051	1.0	1529020800.0
272	4870	1.0	1455667200.0
273	1706	1.0	1462233600.0
274	1648	1.0	1524960000.0
275	4554	1.0	1527379200.0
276	6713	1.0	1518739200.0
277	7895	1.0	1485129600.0
278	6793	1.0	1448323200.0
279	7205	1.0	1467072000.0
280	6785	1.0	1448236800.0
281	4269	1.0	1478995200.0
282	2769	1.0	1458950400.0
283	6551	1.0	1494979200.0
284	6829	1.0	1506384000.0
285	5703	1.0	1522281600.0
286	7664	1.0	1524096000.0
287	456	1.0	1522627200.0
288	689	1.0	1508976000.0
289	1223	1.0	1436140800.0
290	188	1.0	1455840000.0
292	6937	1.0	1467849600.0
293	5541	1.0	1481846400.0
294	1805	1.0	1506643200.0
295	568	1.0	1498003200.0
296	7577	1.0	1494806400.0
297	6902	1.0	1454803200.0
298	4981	1.0	1486166400.0
299	6215	1.0	1473465600.0
300	2531	1.0	1414368000.0
301	2465	1.0	1525651200.0
302	4504	1.0	1528675200.0
303	599	1.0	1442102400.0
304	1216	1.0	1497744000.0
305	1687	1.0	1500768000.0
306	1075	1.0	1481932800.0
307	2265	1.0	1521417600.0
308	6261	1.0	1481328000.0
309	3586	1.0	1490918400.0
310	6844	1.0	1519603200.0
311	3461	1.0	1474329600.0
312	218	1.0	1512259200.0
313	5591	1.0	1510790400.0
314	5457	1.0	1527033600.0
315	6902	1.0	1520208000.0
316	808	1.0	1494720000.0
317	6989	1.0	1500768000.0
318	2743	1.0	1365638400.0
319	574	1.0	1513468800.0
320	6067	1.0	1522454400.0
321	6451	1.0	1528675200.0
322	1075	1.0	1467676800.0
323	713	1.0	1495584000.0
324	3312	1.0	1426204800.0
325	1	1.0	1430870400.0
326	1244	1.0	1434585600.0
328	1706	1.0	1472601600.0
329	3949	1.0	1479859200.0
330	5542	1.0	1528416000.0
331	5171	1.0	1486857600.0
332	5352	1.0	1517270400.0
333	4178	1.0	1484611200.0
334	337	1.0	1512950400.0
335	1258	1.0	1439596800.0
336	2091	1.0	1495929600.0
337	5409	1.0	1445299200.0
338	5180	1.0	1465430400.0
339	662	1.0	1503964800.0
340	6398	1.0	1503273600.0
341	5657	1.0	1517702400.0
342	78	1.0	1491350400.0
343	5858	1.0	1525478400.0
344	2637	1.0	1477958400.0
345	5117	1.0	1477872000.0
346	3342	1.0	1399507200.0
347	7724	1.0	1528848000.0
348	5908	1.0	1531180800.0
349	5410	1.0	1484092800.0
350	5915	1.0	1468454400.0
351	1888	1.0	1479340800.0
352	7215	1.0	1529020800.0
353	6751	1.0	1526774400.0
354	7845	1.0	1490140800.0
355	1717	1.0	1471910400.0
356	5457	1.0	1523836800.0
357	1916	1.0	1458000000.0
359	2464	1.0	1526515200.0
360	5459	1.0	1478908800.0
361	6966	1.0	1509408000.0
362	1418	1.0	1522713600.0
363	6785	1.0	1498953600.0
364	794	1.0	1483920000.0
366	367	1.0	1482019200.0
367	6395	1.0	1510358400.0
368	3009	1.0	1528675200.0
369	891	1.0	1515888000.0
370	5796	1.0	1497052800.0
371	2441	1.0	1509840000.0
372	6705	1.0	1449014400.0
373	4054	1.0	1444953600.0
374	847	1.0	1490918400.0
375	1822	1.0	1525910400.0
376	7733	1.0	1486857600.0
377	891	1.0	1515888000.0
378	3871	1.0	1515283200.0
379	346	1.0	1520294400.0
380	4049	1.0	1476057600.0
381	7894	1.0	1520035200.0
382	3126	1.0	1521417600.0
384	3834	1.0	1457136000.0
385	6509	1.0	1492300800.0
386	954	1.0	1481328000.0
387	7395	1.0	1524700800.0
388	3975	1.0	1513900800.0
389	3211	1.0	1449014400.0
390	6812	1.0	1527120000.0
391	610	1.0	1524873600.0
392	2368	1.0	1456012800.0
393	6555	1.0	1472083200.0
394	6763	1.0	1515628800.0
395	3491	1.0	1441756800.0
396	5541	1.0	1425168000.0
397	7624	1.0	1467676800.0
398	50	1.0	1511136000.0
399	7682	1.0	1500249600.0
400	3458	1.0	1452988800.0
401	6452	1.0	1500768000.0
402	2586	1.0	1488585600.0
403	4542	1.0	1451952000.0
404	4973	1.0	1505433600.0
405	2608	1.0	1463529600.0
406	7839	1.0	1527811200.0
407	6785	1.0	1481241600.0
408	5283	1.0	1438732800.0
409	1609	1.0	1471046400.0
410	78	1.0	1494374400.0
411	2022	1.0	1512691200.0
412	867	1.0	1522886400.0
413	2401	1.0	1500681600.0
414	662	1.0	1468454400.0
415	1787	1.0	1524268800.0
416	7011	1.0	1525219200.0
417	6812	1.0	1435190400.0
418	7346	1.0	1532908800.0
419	2464	1.0	1526860800.0
420	6740	1.0	1501545600.0
421	6509	1.0	1491782400.0
422	7271	1.0	1492819200.0
423	427	1.0	1525478400.0
424	7142	1.0	1491004800.0
425	5615	1.0	1520553600.0
426	5539	1.0	1429920000.0
427	6785	1.0	1446422400.0
428	7726	1.0	1518652800.0
429	1501	1.0	1468540800.0
430	5457	1.0	1432771200.0
431	187	1.0	1524700800.0
432	179	1.0	1485734400.0
433	6278	1.0	1525046400.0
434	1706	1.0	1494720000.0
435	3643	1.0	1486684800.0
436	7937	1.0	1536451200.0
437	5494	1.0	1519430400.0
438	682	1.0	1512864000.0
439	1771	1.0	1524096000.0
440	3507	1.0	1405728000.0
441	1909	1.0	1428796800.0
442	1385	1.0	1503878400.0
443	5457	1.0	1447977600.0
444	7599	1.0	1527811200.0
446	6148	1.0	1465257600.0
447	3700	1.0	1444262400.0
448	1569	1.0	1498694400.0
449	5457	1.0	1468627200.0
450	4881	1.0	1523404800.0
451	6031	1.0	1490140800.0
452	2577	1.0	1430784000.0
453	7474	1.0	1527552000.0
454	1805	1.0	1482537600.0
456	3376	1.0	1437004800.0
457	7170	1.0	1481932800.0
458	3607	1.0	1527120000.0
459	6814	1.0	1487635200.0
460	6667	1.0	1489363200.0
461	2775	1.0	1485820800.0
462	6395	1.0	1514505600.0
463	1706	1.0	1476748800.0
464	5658	1.0	1529884800.0
465	2134	1.0	1522627200.0
466	853	1.0	1509753600.0
467	6395	1.0	1497052800.0
468	534	1.0	1457827200.0
469	3876	1.0	1512604800.0
470	5214	1.0	1462233600.0
471	1888	1.0	1525824000.0
472	2622	1.0	1497916800.0
473	61	1.0	1452816000.0
474	5542	1.0	1435104000.0
475	1281	1.0	1483142400.0
476	6785	1.0	1474070400.0
477	3094	1.0	1468540800.0
478	4864	1.0	1520208000.0
479	1706	1.0	1507334400.0
480	421	1.0	1523318400.0
481	4891	1.0	1456012800.0
482	4243	1.0	1522281600.0
483	5301	1.0	1496707200.0
484	7718	1.0	1519171200.0
485	6551	1.0	1491264000.0
486	4511	1.0	1498521600.0
487	5333	1.0	1460937600.0
488	7363	1.0	1526428800.0
489	232	1.0	1471824000.0
490	4510	1.0	1459123200.0
491	236	1.0	1519171200.0
492	1216	1.0	1454716800.0
493	7937	1.0	1513900800.0
494	6812	1.0	1494115200.0
495	6941	1.0	1532736000.0
497	2818	1.0	1444608000.0
498	1805	1.0	1527379200.0
499	1470	1.0	1456704000.0
500	405	1.0	1504742400.0
501	1245	1.0	1462060800.0
502	5076	1.0	1516838400.0
503	1529	1.0	1524441600.0
504	6218	1.0	1467676800.0
505	1303	1.0	1485129600.0
506	4845	1.0	1505606400.0
507	6793	1.0	1438473600.0
508	2531	1.0	1524268800.0
509	6969	1.0	1466640000.0
511	778	1.0	1520467200.0
512	393	1.0	1520726400.0
513	7668	1.0	1524268800.0
514	6815	1.0	1523577600.0
515	1124	1.0	1526342400.0
516	2085	1.0	1456963200.0
517	1404	1.0	1520726400.0
518	201	1.0	1480118400.0
519	232	1.0	1468281600.0
520	1049	1.0	1463356800.0
521	7061	1.0	1509840000.0
522	2531	1.0	1451779200.0
523	3042	1.0	1452643200.0
525	2518	1.0	1414627200.0
526	2162	1.0	1461024000.0
527	299	1.0	1514419200.0
528	3773	1.0	1525564800.0
529	1083	1.0	1508716800.0
530	3785	1.0	1500163200.0
531	4821	1.0	1413763200.0
532	6812	1.0	1453161600.0
533	2956	1.0	1503273600.0
534	5118	1.0	1426550400.0
535	2898	1.0	1512432000.0
536	7042	1.0	1522886400.0
537	1244	1.0	1409356800.0
538	3655	1.0	1501200000.0
539	5432	1.0	1475280000.0
540	6716	1.0	1462406400.0
541	841	1.0	1437436800.0
542	1441	1.0	1519603200.0
543	2092	1.0	1519603200.0
544	5911	1.0	1508025600.0
545	2269	1.0	1478476800.0
546	6716	1.0	1502668800.0
547	3491	1.0	1461974400.0
548	5634	1.0	1430784000.0
549	3491	1.0	1492128000.0
550	7331	1.0	1502323200.0
551	5768	1.0	1445817600.0
552	3615	1.0	1506124800.0
553	2600	1.0	1482192000.0
554	1202	1.0	1518307200.0
555	4489	1.0	1492646400.0
556	5650	1.0	1508112000.0
558	6750	1.0	1492128000.0
559	5726	1.0	1432598400.0
560	6957	1.0	1529107200.0
561	543	1.0	1510876800.0
562	1789	1.0	1441670400.0
563	3808	1.0	1513036800.0
564	2723	1.0	1521590400.0
565	3421	1.0	1484697600.0
566	961	1.0	1523923200.0
567	915	1.0	1461715200.0
569	4045	1.0	1526342400.0
570	6612	1.0	1456876800.0
571	6371	1.0	1527033600.0
572	2000	1.0	1516752000.0
573	1706	1.0	1518307200.0
574	4369	1.0	1515628800.0
575	542	1.0	1501977600.0
577	3413	1.0	1479686400.0
578	7062	1.0	1492992000.0
579	1243	1.0	1413504000.0
580	4257	1.0	1492128000.0
581	6730	1.0	1427241600.0
582	6812	1.0	1427500800.0
583	1368	1.0	1488153600.0
584	1160	1.0	1477958400.0
585	1361	1.0	1521936000.0
586	179	1.0	1471219200.0
587	1166	1.0	1476748800.0
588	19	1.0	1425340800.0
589	7629	1.0	1410739200.0
590	6314	1.0	1426723200.0
591	7398	1.0	1503100800.0
592	7761	1.0	1450310400.0
593	1397	1.0	1502668800.0
594	1805	1.0	1454112000.0
595	7834	1.0	1492041600.0
596	6839	1.0	1494374400.0
597	6950	1.0	1498089600.0
598	1355	1.0	1496448000.0
599	4839	1.0	1503273600.0
600	2464	1.0	1522800000.0
601	6289	1.0	1524528000.0
602	6540	1.0	1471478400.0
603	642	1.0	1448496000.0
604	1268	1.0	1522886400.0
605	237	1.0	1463616000.0
606	2089	1.0	1500336000.0
608	6782	1.0	1477267200.0
609	6985	1.0	1515974400.0
610	6628	1.0	1491264000.0
611	265	1.0	1489017600.0
612	4265	1.0	1510444800.0
613	3039	1.0	1470096000.0
614	5158	1.0	1498608000.0
615	227	1.0	1494028800.0
616	2497	1.0	1470873600.0
617	106	1.0	1482192000.0
618	6713	1.0	1524960000.0
619	4350	1.0	1482537600.0
621	5352	1.0	1508025600.0
622	6000	1.0	1506729600.0
623	4618	1.0	1446336000.0
624	2114	1.0	1481068800.0
625	5503	1.0	1447545600.0
626	6517	1.0	1463184000.0
627	7761	1.0	1514332800.0
628	1871	1.0	1508716800.0
630	1096	1.0	1484697600.0
632	7537	1.0	1490227200.0
633	1015	1.0	1509926400.0
634	4434	1.0	1472860800.0
635	6793	1.0	1430352000.0
636	16	1.0	1503360000.0
637	1066	1.0	1510185600.0
638	4845	1.0	1495929600.0
639	272	1.0	1470614400.0
640	1376	1.0	1516492800.0
641	6713	1.0	1512864000.0
642	5118	1.0	1485734400.0
644	6667	1.0	1464220800.0
645	1795	1.0	1520812800.0
646	961	1.0	1524182400.0
647	1036	1.0	1512086400.0
648	6139	1.0	1497744000.0
650	6944	1.0	1528070400.0
651	812	1.0	1489622400.0
652	6281	1.0	1442880000.0
653	2217	1.0	1425600000.0
654	5255	1.0	1442448000.0
655	961	1.0	1527984000.0
656	2074	1.0	1505347200.0
657	627	1.0	1488153600.0
658	6730	1.0	1522800000.0
659	6743	1.0	1418860800.0
660	1805	1.0	1449014400.0
661	1501	1.0	1485820800.0
662	5661	1.0	1506470400.0
663	1271	1.0	1503360000.0
664	2351	1.0	1526601600.0
665	1286	1.0	1438128000.0
666	1271	1.0	1487980800.0
667	1822	1.0	1525737600.0
669	7433	1.0	1510444800.0
670	1495	1.0	1515110400.0
671	1245	1.0	1479859200.0
672	4185	1.0	1463097600.0
673	6731	1.0	1517443200.0
674	1888	1.0	1407542400.0
675	841	1.0	1519171200.0
676	5118	1.0	1502928000.0
677	1462	1.0	1454889600.0
678	3658	1.0	1505865600.0
679	1244	1.0	1496707200.0
680	4077	1.0	1507593600.0
681	2464	1.0	1522195200.0
682	4927	1.0	1474934400.0
683	2605	1.0	1411689600.0
684	1789	1.0	1448064000.0
685	7669	1.0	1528243200.0
686	1615	1.0	1496102400.0
687	1	1.0	1406505600.0
688	2377	1.0	1495497600.0
689	6770	1.0	1511222400.0
690	122	1.0	1441324800.0
691	1425	1.0	1523318400.0
692	3491	1.0	1389139200.0
693	6879	1.0	1502236800.0
694	2256	1.0	1497398400.0
695	4879	1.0	1449964800.0
696	1789	1.0	1452124800.0
697	2156	1.0	1490918400.0
698	877	1.0	1494806400.0
699	6551	1.0	1507680000.0
700	1878	1.0	1525996800.0
701	5427	1.0	1507852800.0
702	5703	1.0	1489795200.0
703	1465	1.0	1437350400.0
704	2531	1.0	1524009600.0
705	1	1.0	1484438400.0
706	1789	1.0	1523404800.0
707	6871	1.0	1495929600.0
708	6736	1.0	1482969600.0
709	961	1.0	1526947200.0
710	7839	1.0	1515283200.0
711	6814	1.0	1483488000.0
712	1355	1.0	1453680000.0
713	366	1.0	1384300800.0
715	1884	1.0	1423526400.0
716	3153	1.0	1420243200.0
717	2883	1.0	1507507200.0
718	7761	1.0	1512777600.0
719	662	1.0	1487203200.0
720	129	1.0	1522195200.0
721	5130	1.0	1500854400.0
723	3904	1.0	1478908800.0
724	1289	1.0	1440633600.0
725	6537	1.0	1510099200.0
727	7830	1.0	1516924800.0
728	1245	1.0	1445990400.0
729	3382	1.0	1519689600.0
730	5660	1.0	1527897600.0
731	1397	1.0	1525392000.0
732	6815	1.0	1491004800.0
733	3203	1.0	1472083200.0
734	2342	1.0	1505433600.0
735	7300	1.0	1478822400.0
736	1278	1.0	1508112000.0
737	5626	1.0	1480032000.0
738	6756	1.0	1503360000.0
739	3229	1.0	1482192000.0
740	1271	1.0	1354406400.0
741	1058	1.0	1470700800.0
742	6534	1.0	1456876800.0
743	54	1.0	1505260800.0
744	1706	1.0	1515542400.0
745	7333	1.0	1527984000.0
746	3029	1.0	1451520000.0
747	749	1.0	1475884800.0
748	1237	1.0	1480377600.0
749	5897	1.0	1458518400.0
750	3785	1.0	1528416000.0
751	7531	1.0	1510963200.0
753	5650	1.0	1518480000.0
754	1777	1.0	1523059200.0
755	7174	1.0	1449273600.0
756	6551	1.0	1502668800.0
757	3399	1.0	1515801600.0
758	1602	1.0	1499299200.0
759	6147	1.0	1495497600.0
760	818	1.0	1487721600.0
761	2464	1.0	1523664000.0
762	7201	1.0	1512000000.0
763	5076	1.0	1497052800.0
764	3890	1.0	1455840000.0
765	841	1.0	1517788800.0
766	6729	1.0	1504483200.0
768	5337	1.0	1522108800.0
769	1363	1.0	1471046400.0
771	1245	1.0	1420588800.0
772	1243	1.0	1523404800.0
773	7198	1.0	1465257600.0
774	367	1.0	1475625600.0
775	1397	1.0	1483142400.0
776	19	1.0	1429488000.0
777	5074	1.0	1462406400.0
778	874	1.0	1493769600.0
779	2048	1.0	1522800000.0
780	4488	1.0	1433980800.0
781	1819	1.0	1525737600.0
782	2556	1.0	1496793600.0
783	6791	1.0	1520208000.0
784	6818	1.0	1509235200.0
785	3723	1.0	1396137600.0
786	6007	1.0	1498435200.0
787	2465	1.0	1523404800.0
788	16	1.0	1524441600.0
789	7220	1.0	1508630400.0
790	2512	1.0	1493424000.0
791	6833	1.0	1496966400.0
792	4778	1.0	1478044800.0
793	5483	1.0	1475712000.0
794	1216	1.0	1488672000.0
795	7794	1.0	1524873600.0
796	2373	1.0	1526947200.0
797	2198	1.0	1486771200.0
798	1975	1.0	1511395200.0
799	6713	1.0	1500768000.0
800	4535	1.0	1501200000.0
801	1865	1.0	1506643200.0
802	7942	1.0	1524787200.0
803	5277	1.0	1490659200.0
805	2464	1.0	1523836800.0
806	3041	1.0	1488412800.0
807	7842	1.0	1511308800.0
808	4910	1.0	1512777600.0
809	3244	1.0	1527552000.0
810	221	1.0	1497312000.0
811	4295	1.0	1475798400.0
812	1397	1.0	1518134400.0
813	46	1.0	1465776000.0
814	78	1.0	1503964800.0
815	5945	1.0	1486252800.0
816	736	1.0	1440201600.0
817	5694	1.0	1531612800.0
818	1	1.0	1488844800.0
819	349	1.0	1512000000.0
820	6296	1.0	1476144000.0
821	5699	1.0	1512259200.0
822	5541	1.0	1522454400.0
823	3213	1.0	1481587200.0
824	6714	1.0	1528502400.0
825	6540	1.0	1476748800.0
826	1902	1.0	1482710400.0
827	5188	1.0	1473897600.0
828	11	1.0	1498003200.0
829	1822	1.0	1527379200.0
830	7544	1.0	1485388800.0
831	6439	1.0	1483920000.0
832	639	1.0	1483747200.0
833	1083	1.0	1519171200.0
834	5911	1.0	1491091200.0
835	4834	1.0	1512000000.0
836	3700	1.0	1492560000.0
837	1074	1.0	1491609600.0
838	2924	1.0	1475020800.0
839	1717	1.0	1415318400.0
840	7129	1.0	1509062400.0
841	50	1.0	1413763200.0
842	1974	1.0	1527120000.0
843	1999	1.0	1455494400.0
844	6439	1.0	1510444800.0
845	1654	1.0	1417392000.0
846	1888	1.0	1402704000.0
847	2548	1.0	1473206400.0
848	6812	1.0	1498089600.0
849	5814	1.0	1463788800.0
850	4489	1.0	1528761600.0
851	3224	1.0	1505692800.0
852	6004	1.0	1524182400.0
853	1820	1.0	1525478400.0
854	1243	1.0	1452729600.0
855	818	1.0	1487721600.0
856	568	1.0	1470614400.0
857	2942	1.0	1485043200.0
858	6873	1.0	1474416000.0
859	7774	1.0	1525996800.0
860	1706	1.0	1502323200.0
861	3341	1.0	1500163200.0
862	587	1.0	1525737600.0
864	7716	1.0	1512259200.0
865	1717	1.0	1485302400.0
866	6380	1.0	1441324800.0
867	864	1.0	1466726400.0
868	1404	1.0	1513728000.0
869	168	1.0	1511913600.0
870	1788	1.0	1500336000.0
871	4834	1.0	1458777600.0
872	844	1.0	1480982400.0
873	1188	1.0	1500336000.0
874	6371	1.0	1524009600.0
875	3	1.0	1484956800.0
876	1916	1.0	1448409600.0
877	3016	1.0	1431561600.0
878	1948	1.0	1518652800.0
880	6368	1.0	1490745600.0
881	2465	1.0	1523491200.0
882	19	1.0	1494892800.0
883	7012	1.0	1530921600.0
884	844	1.0	1487376000.0
885	6959	1.0	1512604800.0
886	2014	1.0	1499040000.0
887	7001	1.0	1528156800.0
889	639	1.0	1421107200.0
890	6831	1.0	1486857600.0
891	1216	1.0	1510012800.0
892	6289	1.0	1504137600.0
893	722	1.0	1517184000.0
895	7790	1.0	1477008000.0
896	659	1.0	1512000000.0
897	5805	1.0	1511136000.0
898	7292	1.0	1476316800.0
899	6571	1.0	1524787200.0
900	989	1.0	1376697600.0
901	4267	1.0	1520467200.0
902	7427	1.0	1509148800.0
903	3852	1.0	1467590400.0
904	1888	1.0	1448236800.0
905	5689	1.0	1520899200.0
906	5117	1.0	1419292800.0
907	5541	1.0	1425600000.0
908	4532	1.0	1418947200.0
909	643	1.0	1431388800.0
910	6761	1.0	1527724800.0
912	7864	1.0	1489795200.0
913	669	1.0	1507766400.0
914	79	1.0	1486339200.0
915	2769	1.0	1445212800.0
916	1350	1.0	1475884800.0
917	2773	1.0	1437091200.0
918	1270	1.0	1494806400.0
919	689	1.0	1454630400.0
920	950	1.0	1423180800.0
921	7836	1.0	1503792000.0
922	2156	1.0	1524182400.0
923	5541	1.0	1478304000.0
924	4429	1.0	1524960000.0
925	4674	1.0	1437091200.0
927	448	1.0	1500336000.0
928	1569	1.0	1500336000.0
929	6563	1.0	1491004800.0
930	6793	1.0	1495670400.0
931	6708	1.0	1464393600.0
932	368	1.0	1497398400.0
933	659	1.0	1436486400.0
934	4973	1.0	1441324800.0
935	6281	1.0	1526428800.0
936	1787	1.0	1468713600.0
937	7121	1.0	1518912000.0
938	6717	1.0	1492473600.0
939	1255	1.0	1449360000.0
940	2668	1.0	1515369600.0
942	6551	1.0	1427760000.0
943	223	1.0	1454284800.0
945	3867	1.0	1480464000.0
946	232	1.0	1524355200.0
947	2781	1.0	1497312000.0
948	1623	1.0	1521158400.0
949	17	1.0	1521244800.0
950	78	1.0	1419379200.0
951	717	1.0	1510876800.0
952	3975	1.0	1519862400.0
953	5624	1.0	1435881600.0
954	567	1.0	1513555200.0
955	3458	1.0	1525996800.0
956	2464	1.0	1456617600.0
957	7425	1.0	1489190400.0
958	7018	1.0	1494979200.0
959	1055	1.0	1413331200.0
960	338	1.0	1524614400.0
961	5701	1.0	1478649600.0
962	83	1.0	1477094400.0
963	1993	1.0	1485043200.0
964	4053	1.0	1525478400.0
965	4973	1.0	1451779200.0
966	2061	1.0	1454976000.0
968	889	1.0	1440115200.0
969	58	1.0	1495756800.0
970	6988	1.0	1493337600.0
971	2124	1.0	1502236800.0
972	5077	1.0	1494288000.0
973	1883	1.0	1457222400.0
974	7635	1.0	1522108800.0
975	2388	1.0	1449100800.0
977	5798	1.0	1517270400.0
978	2706	1.0	1471305600.0
979	3388	1.0	1422748800.0
980	1545	1.0	1486166400.0
981	4846	1.0	1515628800.0
982	1974	1.0	1526342400.0
983	1805	1.0	1472256000.0
984	877	1.0	1502496000.0
985	7505	1.0	1493510400.0
986	669	1.0	1523318400.0
987	2967	1.0	1461110400.0
988	6014	1.0	1496966400.0
990	7616	1.0	1502668800.0
991	6551	1.0	1459209600.0
992	7044	1.0	1510012800.0
993	413	1.0	1512518400.0
995	6812	1.0	1471478400.0
996	6215	1.0	1461888000.0
997	7136	1.0	1520035200.0
998	3329	1.0	1413676800.0
999	841	1.0	1423958400.0
1000	728	1.0	1453593600.0
1001	3231	1.0	1503100800.0
1002	1244	1.0	1442793600.0
1003	6858	1.0	1461715200.0
1004	5396	1.0	1491955200.0
1005	347	1.0	1488499200.0
1006	2592	1.0	1460073600.0
1007	5118	1.0	1460592000.0
1008	3564	1.0	1493596800.0
1009	1397	1.0	1509408000.0
1010	7939	1.0	1515024000.0
1011	3465	1.0	1465948800.0
1012	867	1.0	1471046400.0
1013	111	1.0	1519430400.0
1014	7941	1.0	1535068800.0
1015	6314	1.0	1519689600.0
1017	4115	1.0	1528243200.0
1018	4973	1.0	1436400000.0
1019	1255	1.0	1435536000.0
1021	6340	1.0	1489449600.0
1022	2694	1.0	1475712000.0
1023	6097	1.0	1511654400.0
1024	2531	1.0	1476316800.0
1025	2465	1.0	1439510400.0
1026	2464	1.0	1447113600.0
1027	1974	1.0	1523577600.0
1028	79	1.0	1461888000.0
1029	1932	1.0	1500422400.0
1030	2160	1.0	1479081600.0
1031	3796	1.0	1503792000.0
1032	6966	1.0	1499731200.0
1033	5626	1.0	1526688000.0
1034	6730	1.0	1501459200.0
1035	6477	1.0	1514332800.0
1037	83	1.0	1487808000.0
1038	7299	1.0	1507766400.0
1039	2074	1.0	1528502400.0
1040	4053	1.0	1491264000.0
1041	5657	1.0	1453593600.0
1042	889	1.0	1447200000.0
1043	713	1.0	1484265600.0
1044	3798	1.0	1398643200.0
1045	1501	1.0	1459209600.0
1046	1136	1.0	1465171200.0
1047	3041	1.0	1506556800.0
1048	6637	1.0	1485216000.0
1049	194	1.0	1417478400.0
1050	1011	1.0	1473552000.0
1051	5310	1.0	1529625600.0
1052	1372	1.0	1457136000.0
1053	1236	1.0	1465257600.0
1054	2782	1.0	1501632000.0
1058	5048	1.0	1508630400.0
1059	4434	1.0	1441756800.0
1060	2141	1.0	1503100800.0
1061	7432	1.0	1506297600.0
1062	4823	1.0	1522627200.0
1063	6415	1.0	1467590400.0
1064	1888	1.0	1522627200.0
1065	2373	1.0	1523577600.0
1066	1539	1.0	1415750400.0
1067	6322	1.0	1531440000.0
1068	1819	1.0	1526774400.0
1069	5118	1.0	1524355200.0
1070	3317	1.0	1509667200.0
1071	3443	1.0	1484870400.0
1073	1271	1.0	1440115200.0
1074	1	1.0	1463097600.0
1075	7704	1.0	1493683200.0
1076	567	1.0	1449273600.0
1077	1859	1.0	1489968000.0
1078	5457	1.0	1474934400.0
1079	2575	1.0	1514851200.0
1080	6451	1.0	1525651200.0
1081	7143	1.0	1526947200.0
1082	1243	1.0	1468108800.0
1083	2464	1.0	1406332800.0
1084	928	1.0	1481500800.0
1085	377	1.0	1455408000.0
1086	6394	1.0	1522108800.0
1087	7851	1.0	1516924800.0
1088	1888	1.0	1524441600.0
1089	7001	1.0	1512777600.0
1090	2338	1.0	1456617600.0
1092	1144	1.0	1492992000.0
1093	1539	1.0	1510531200.0
1094	7309	1.0	1508198400.0
1095	5098	1.0	1524096000.0
1096	1501	1.0	1395446400.0
1097	1244	1.0	1483747200.0
1098	6761	1.0	1489536000.0
1099	6725	1.0	1523836800.0
1100	753	1.0	1526601600.0
1101	1269	1.0	1494460800.0
1102	5664	1.0	1505779200.0
1103	6770	1.0	1421193600.0
1104	1272	1.0	1481760000.0
1105	78	1.0	1494979200.0
1106	1021	1.0	1489363200.0
1107	5542	1.0	1528588800.0
1108	3026	1.0	1419811200.0
1109	5776	1.0	1523318400.0
1110	1858	1.0	1490140800.0
1111	49	1.0	1489363200.0
1112	2531	1.0	1434240000.0
1113	3343	1.0	1502928000.0
1114	3	1.0	1457827200.0
1115	2464	1.0	1423958400.0
1116	3550	1.0	1527897600.0
1117	2151	1.0	1509667200.0
1118	5712	1.0	1524355200.0
1119	2769	1.0	1517097600.0
1120	1439	1.0	1477267200.0
1121	7728	1.0	1518307200.0
1122	713	1.0	1410652800.0
1123	1184	1.0	1502236800.0
1124	7798	1.0	1512950400.0
1125	6814	1.0	1506038400.0
1126	252	1.0	1515542400.0
1127	5068	1.0	1507248000.0
1128	2324	1.0	1479081600.0
1129	346	1.0	1526515200.0
1130	2464	1.0	1423094400.0
1131	1502	1.0	1489622400.0
1132	1535	1.0	1520640000.0
1133	6041	1.0	1515024000.0
1134	6128	1.0	1449014400.0
1135	573	1.0	1444435200.0
1136	6149	1.0	1485129600.0
1137	1216	1.0	1443830400.0
1138	1888	1.0	1524096000.0
1139	1931	1.0	1515196800.0
1140	24	1.0	1478476800.0
1141	158	1.0	1505260800.0
1142	6948	1.0	1495670400.0
1143	1894	1.0	1460937600.0
1144	5892	1.0	1477267200.0
1145	4350	1.0	1509753600.0
1146	6743	1.0	1450742400.0
1147	1245	1.0	1436313600.0
1148	571	1.0	1477612800.0
1149	2464	1.0	1452556800.0
1150	805	1.0	1495065600.0
1151	5807	1.0	1466640000.0
1152	5291	1.0	1470614400.0
1153	4256	1.0	1431734400.0
1154	4592	1.0	1428451200.0
1155	5878	1.0	1512086400.0
1156	5119	1.0	1529625600.0
1157	2306	1.0	1485993600.0
1158	6837	1.0	1529971200.0
1159	2649	1.0	1428537600.0
1161	1789	1.0	1481760000.0
1162	7861	1.0	1522540800.0
1164	4053	1.0	1526169600.0
1165	3910	1.0	1515801600.0
1166	2499	1.0	1490832000.0
1167	3382	1.0	1522195200.0
1168	6666	1.0	1529539200.0
1169	6667	1.0	1480291200.0
1170	5656	1.0	1507593600.0
1171	6666	1.0	1510704000.0
1172	4384	1.0	1503619200.0
1173	5541	1.0	1430784000.0
1174	2314	1.0	1521244800.0
1175	5042	1.0	1486425600.0
1176	4865	1.0	1504483200.0
1177	758	1.0	1487376000.0
1178	4323	1.0	1472256000.0
1179	2373	1.0	1523232000.0
1180	7044	1.0	1514160000.0
1181	5703	1.0	1505606400.0
1182	4984	1.0	1511481600.0
1183	2781	1.0	1498521600.0
1184	1271	1.0	1502928000.0
1185	4053	1.0	1488412800.0
1186	1805	1.0	1524355200.0
1187	4932	1.0	1459296000.0
1188	1465	1.0	1485734400.0
1189	5382	1.0	1483488000.0
1190	6760	1.0	1480464000.0
1191	915	1.0	1484352000.0
1192	1245	1.0	1476921600.0
1193	5216	1.0	1497139200.0
1194	3072	1.0	1443916800.0
1195	1789	1.0	1466899200.0
1196	1285	1.0	1522368000.0
1197	1075	1.0	1520812800.0
1198	5624	1.0	1521676800.0
1199	5892	1.0	1468281600.0
1201	60	1.0	1510358400.0
1202	3298	1.0	1468972800.0
1203	1789	1.0	1443744000.0
1204	6802	1.0	1492560000.0
1205	2781	1.0	1496275200.0
1206	5789	1.0	1458172800.0
1207	1271	1.0	1406419200.0
1208	7088	1.0	1497312000.0
1209	1556	1.0	1506902400.0
1210	3153	1.0	1523577600.0
1211	39	1.0	1453852800.0
1212	1465	1.0	1522713600.0
1213	1476	1.0	1432771200.0
1214	7674	1.0	1491264000.0
1215	329	1.0	1438128000.0
1216	6394	1.0	1529280000.0
1217	6743	1.0	1465862400.0
1219	5143	1.0	1492473600.0
1220	4981	1.0	1489017600.0
1221	71	1.0	1490140800.0
1222	3835	1.0	1505520000.0
1224	5707	1.0	1512345600.0
1225	2333	1.0	1421539200.0
1226	2068	1.0	1506124800.0
1227	6753	1.0	1475020800.0
1228	498	1.0	1451001600.0
1229	5542	1.0	1512086400.0
1230	1096	1.0	1470960000.0
1231	1396	1.0	1523491200.0
1232	273	1.0	1499040000.0
1233	7309	1.0	1520640000.0
1234	275	1.0	1518307200.0
1236	5702	1.0	1501718400.0
1237	7222	1.0	1526342400.0
1238	7095	1.0	1459468800.0
1239	6480	1.0	1524960000.0
1240	50	1.0	1494979200.0
1241	348	1.0	1481673600.0
1242	2386	1.0	1493078400.0
1243	444	1.0	1514160000.0
1244	275	1.0	1485475200.0
1245	7794	1.0	1476230400.0
1246	1706	1.0	1501718400.0
1247	1777	1.0	1525824000.0
1248	58	1.0	1471824000.0
1249	6396	1.0	1525392000.0
1250	6551	1.0	1458172800.0
1251	7851	1.0	1484352000.0
1252	1540	1.0	1488931200.0
1253	5039	1.0	1522195200.0
1254	137	1.0	1427068800.0
1255	987	1.0	1452038400.0
1257	6422	1.0	1466726400.0
1258	1891	1.0	1443830400.0
1260	7044	1.0	1519689600.0
1261	581	1.0	1462320000.0
1262	79	1.0	1461456000.0
1263	448	1.0	1523836800.0
1264	6988	1.0	1514505600.0
1265	4287	1.0	1485216000.0
1266	2791	1.0	1490572800.0
1267	2992	1.0	1527638400.0
1268	1281	1.0	1514764800.0
1269	424	1.0	1511827200.0
1270	1501	1.0	1467676800.0
1271	3156	1.0	1472515200.0
1272	1271	1.0	1484438400.0
1273	5031	1.0	1495929600.0
1274	6351	1.0	1456963200.0
1275	6230	1.0	1522368000.0
1276	2503	1.0	1528070400.0
1277	1837	1.0	1418428800.0
1278	3490	1.0	1471910400.0
1279	6962	1.0	1516320000.0
1281	461	1.0	1464048000.0
1282	6793	1.0	1433116800.0
1283	6246	1.0	1504051200.0
1284	6812	1.0	1475625600.0
1285	6551	1.0	1492300800.0
1286	92	1.0	1524873600.0
1287	6793	1.0	1457308800.0
1288	7438	1.0	1521331200.0
1289	844	1.0	1461542400.0
1290	6999	1.0	1482624000.0
1291	6372	1.0	1473897600.0
1292	461	1.0	1500336000.0
1293	2380	1.0	1482796800.0
1294	1888	1.0	1525392000.0
1295	961	1.0	1445126400.0
1296	2186	1.0	1520467200.0
1297	6846	1.0	1529884800.0
1298	4307	1.0	1449446400.0
1299	2091	1.0	1495411200.0
1300	6452	1.0	1529020800.0
1301	4691	1.0	1461542400.0
1302	890	1.0	1493769600.0
1303	5144	1.0	1506124800.0
1305	4524	1.0	1508803200.0
1306	1736	1.0	1480636800.0
1307	6815	1.0	1462924800.0
1308	1706	1.0	1472774400.0
1309	5968	1.0	1512259200.0
1310	5666	1.0	1445731200.0
1311	7397	1.0	1517788800.0
1312	7386	1.0	1527984000.0
1313	428	1.0	1503446400.0
1314	6540	1.0	1517529600.0
1315	1822	1.0	1528502400.0
1316	4243	1.0	1490227200.0
1317	1569	1.0	1510704000.0
1318	1015	1.0	1454025600.0
1319	6396	1.0	1500940800.0
1320	6702	1.0	1494806400.0
1321	6834	1.0	1490054400.0
1322	721	1.0	1455667200.0
1323	6793	1.0	1430784000.0
1324	4926	1.0	1474156800.0
1325	6864	1.0	1492905600.0
1326	1995	1.0	1519344000.0
1327	2326	1.0	1460937600.0
1328	5825	1.0	1477612800.0
1329	6828	1.0	1524096000.0
1330	1583	1.0	1520553600.0
1331	1888	1.0	1522454400.0
1332	6555	1.0	1492992000.0
1333	7782	1.0	1491004800.0
1334	2531	1.0	1527552000.0
1335	3386	1.0	1511740800.0
1336	811	1.0	1518998400.0
1337	1075	1.0	1496188800.0
1338	1602	1.0	1455667200.0
1339	1278	1.0	1472256000.0
1340	2531	1.0	1526428800.0
1341	3299	1.0	1469059200.0
1343	1950	1.0	1500336000.0
1344	664	1.0	1526169600.0
1345	4842	1.0	1466726400.0
1346	6812	1.0	1516924800.0
1347	5541	1.0	1528416000.0
1348	6368	1.0	1474070400.0
1350	748	1.0	1526515200.0
1351	7114	1.0	1501200000.0
1352	2465	1.0	1523145600.0
1353	5221	1.0	1428364800.0
1354	1271	1.0	1480291200.0
1355	3224	1.0	1503187200.0
1356	5	1.0	1479340800.0
1357	6794	1.0	1474502400.0
1358	2318	1.0	1492300800.0
1359	1285	1.0	1359504000.0
1360	6667	1.0	1481587200.0
1361	1837	1.0	1523318400.0
1362	1569	1.0	1476230400.0
1363	5645	1.0	1526688000.0
1365	845	1.0	1454457600.0
1366	961	1.0	1523750400.0
1367	1398	1.0	1446854400.0
1368	1073	1.0	1464998400.0
1370	6204	1.0	1458432000.0
1371	6667	1.0	1445990400.0
1372	5854	1.0	1447804800.0
1373	3247	1.0	1496707200.0
1374	43	1.0	1491868800.0
1375	7875	1.0	1495324800.0
1376	123	1.0	1468972800.0
1377	6713	1.0	1502409600.0
1378	5679	1.0	1451260800.0
1379	6190	1.0	1447891200.0
1380	5876	1.0	1487289600.0
1381	5216	1.0	1530576000.0
1382	35	1.0	1523923200.0
1383	5094	1.0	1495756800.0
1384	4940	1.0	1508803200.0
1385	1845	1.0	1520380800.0
1386	5334	1.0	1500336000.0
1387	1857	1.0	1518134400.0
1388	6785	1.0	1522195200.0
1389	6510	1.0	1493856000.0
1390	2371	1.0	1493769600.0
1391	1820	1.0	1526688000.0
1392	961	1.0	1467590400.0
1393	659	1.0	1494115200.0
1394	5119	1.0	1517788800.0
1395	7007	1.0	1495411200.0
1396	797	1.0	1472860800.0
1397	7042	1.0	1504569600.0
1398	3264	1.0	1494374400.0
1399	1	1.0	1514937600.0
1400	6793	1.0	1437523200.0
1401	5542	1.0	1505606400.0
1402	1170	1.0	1412726400.0
1403	1888	1.0	1527379200.0
1405	1243	1.0	1523232000.0
1406	6667	1.0	1486512000.0
1407	5635	1.0	1529539200.0
1408	2373	1.0	1528416000.0
1409	7851	1.0	1491955200.0
1411	7083	1.0	1506297600.0
1412	7817	1.0	1470873600.0
1413	2923	1.0	1502150400.0
1414	3041	1.0	1440892800.0
1415	422	1.0	1488585600.0
1416	3026	1.0	1487376000.0
1417	1106	1.0	1437782400.0
1418	4508	1.0	1517011200.0
1419	4596	1.0	1525737600.0
1420	4639	1.0	1522886400.0
1421	6478	1.0	1488326400.0
1422	4642	1.0	1494892800.0
1423	6804	1.0	1527033600.0
1424	5117	1.0	1499731200.0
1425	274	1.0	1524614400.0
1426	3867	1.0	1424563200.0
1427	1789	1.0	1465862400.0
1428	805	1.0	1515628800.0
1429	4277	1.0	1523836800.0
1430	1509	1.0	1507075200.0
1431	961	1.0	1448582400.0
1432	6565	1.0	1515888000.0
1433	891	1.0	1513382400.0
1434	2198	1.0	1488844800.0
1435	371	1.0	1490140800.0
1436	5457	1.0	1473206400.0
1437	6366	1.0	1527984000.0
1438	1286	1.0	1504137600.0
1439	3790	1.0	1458172800.0
1440	2159	1.0	1498780800.0
1441	1355	1.0	1510617600.0
1442	4030	1.0	1499990400.0
1444	1243	1.0	1485129600.0
1446	3458	1.0	1516838400.0
1447	5635	1.0	1437609600.0
1448	950	1.0	1453075200.0
1449	1536	1.0	1511395200.0
1450	6215	1.0	1518480000.0
1451	6743	1.0	1522022400.0
1452	4168	1.0	1523836800.0
1453	1125	1.0	1470009600.0
1454	7508	1.0	1509062400.0
1455	6999	1.0	1518566400.0
1456	1858	1.0	1489622400.0
1457	6256	1.0	1497225600.0
1458	1660	1.0	1487808000.0
1459	4295	1.0	1431561600.0
1460	1347	1.0	1524614400.0
1461	2622	1.0	1498089600.0
1462	7874	1.0	1512864000.0
1463	6547	1.0	1515542400.0
1464	4746	1.0	1506038400.0
1465	7287	1.0	1500163200.0
1466	1653	1.0	1479340800.0
1467	461	1.0	1504742400.0
1468	7717	1.0	1495238400.0
1469	5118	1.0	1417305600.0
1470	7359	1.0	1516838400.0
1471	5487	1.0	1523404800.0
1472	5457	1.0	1425254400.0
1473	913	1.0	1483056000.0
1474	6770	1.0	1492387200.0
1475	7517	1.0	1513555200.0
1476	571	1.0	1485388800.0
1477	3251	1.0	1484438400.0
1478	3445	1.0	1476748800.0
1479	4560	1.0	1526428800.0
1480	607	1.0	1512172800.0
1481	4014	1.0	1506816000.0
1482	1439	1.0	1521331200.0
1483	721	1.0	1490659200.0
1484	227	1.0	1497312000.0
1485	176	1.0	1500595200.0
1486	2823	1.0	1480550400.0
1487	1268	1.0	1489363200.0
1488	1850	1.0	1508544000.0
1489	4973	1.0	1460764800.0
1490	50	1.0	1506038400.0
1491	405	1.0	1456012800.0
1492	7485	1.0	1476144000.0
1493	2118	1.0	1474848000.0
1494	7077	1.0	1535241600.0
1495	7861	1.0	1475020800.0
1496	6667	1.0	1494979200.0
1497	5752	1.0	1491782400.0
1498	140	1.0	1510704000.0
1499	2436	1.0	1527120000.0
1500	1729	1.0	1475107200.0
1501	6667	1.0	1465171200.0
1502	6044	1.0	1438041600.0
1503	4992	1.0	1494201600.0
1504	7044	1.0	1514505600.0
1505	7461	1.0	1524441600.0
1506	7682	1.0	1502236800.0
1507	7794	1.0	1524787200.0
1508	2258	1.0	1503964800.0
1509	7165	1.0	1477180800.0
1510	274	1.0	1483228800.0
1511	17	1.0	1437177600.0
1512	6923	1.0	1468972800.0
1513	1418	1.0	1507593600.0
1514	1713	1.0	1508803200.0
1515	6165	1.0	1469923200.0
1516	2184	1.0	1518825600.0
1517	4350	1.0	1466640000.0
1518	2491	1.0	1486166400.0
1519	6666	1.0	1529884800.0
1520	891	1.0	1515024000.0
1521	7720	1.0	1517011200.0
1522	2518	1.0	1487721600.0
1523	2155	1.0	1497657600.0
1524	3817	1.0	1501027200.0
1525	1494	1.0	1413244800.0
1526	1743	1.0	1500508800.0
1527	2465	1.0	1492473600.0
1528	3796	1.0	1464220800.0
1529	6818	1.0	1519516800.0
1530	6713	1.0	1452902400.0
1531	3276	1.0	1474070400.0
1532	4825	1.0	1471392000.0
1533	1706	1.0	1441670400.0
1534	6557	1.0	1453593600.0
1535	2465	1.0	1480118400.0
1536	1789	1.0	1450310400.0
1537	1244	1.0	1483747200.0
1538	713	1.0	1467158400.0
1539	194	1.0	1427932800.0
1540	662	1.0	1455494400.0
1541	1408	1.0	1506643200.0
1542	1284	1.0	1487462400.0
1543	1974	1.0	1526515200.0
1544	5745	1.0	1522195200.0
1545	5642	1.0	1526342400.0
1546	6706	1.0	1511222400.0
1547	49	1.0	1527120000.0
1548	1858	1.0	1509148800.0
1549	1273	1.0	1517270400.0
1550	2599	1.0	1516665600.0
1551	4207	1.0	1515542400.0
1552	2769	1.0	1483747200.0
1553	2769	1.0	1527724800.0
1554	844	1.0	1400198400.0
1555	5700	1.0	1447632000.0
1556	3685	1.0	1484352000.0
1557	1706	1.0	1448323200.0
1558	4988	1.0	1524614400.0
1559	122	1.0	1492560000.0
1560	5678	1.0	1494288000.0
1561	1317	1.0	1420761600.0
1562	4461	1.0	1511740800.0
1563	6395	1.0	1489449600.0
1564	5662	1.0	1454889600.0
1565	26	1.0	1519948800.0
1566	15	1.0	1514332800.0
1567	5797	1.0	1476144000.0
1568	1393	1.0	1420675200.0
1569	6281	1.0	1453075200.0
1570	3016	1.0	1414886400.0
1571	1988	1.0	1499040000.0
1572	1805	1.0	1516579200.0
1573	1771	1.0	1513555200.0
1574	841	1.0	1515456000.0
1575	16	1.0	1458000000.0
1577	6939	1.0	1475884800.0
1578	79	1.0	1461024000.0
1579	5076	1.0	1451260800.0
1580	6425	1.0	1478217600.0
1581	1615	1.0	1504396800.0
1582	107	1.0	1444694400.0
1583	7459	1.0	1485388800.0
1585	349	1.0	1417132800.0
1586	6619	1.0	1482364800.0
1587	5268	1.0	1513814400.0
1588	2465	1.0	1447286400.0
1589	7163	1.0	1488067200.0
1590	90	1.0	1424476800.0
1591	6240	1.0	1517961600.0
1592	5873	1.0	1523059200.0
1593	2705	1.0	1484870400.0
1594	7682	1.0	1483833600.0
1595	7827	1.0	1500336000.0
1596	20	1.0	1517270400.0
1597	2389	1.0	1515888000.0
1598	6857	1.0	1518998400.0
1599	4560	1.0	1521936000.0
1600	6073	1.0	1481241600.0
1601	2314	1.0	1482192000.0
1602	6785	1.0	1525824000.0
1603	2769	1.0	1446076800.0
1604	4932	1.0	1484784000.0
1605	4386	1.0	1436054400.0
1606	5158	1.0	1510012800.0
1607	78	1.0	1501286400.0
1608	1307	1.0	1504396800.0
1609	669	1.0	1462233600.0
1610	4169	1.0	1511049600.0
1611	5541	1.0	1522540800.0
1612	4015	1.0	1450224000.0
1613	5745	1.0	1526860800.0
1614	2841	1.0	1484438400.0
1615	2980	1.0	1477872000.0
1616	3664	1.0	1493683200.0
1617	2404	1.0	1518307200.0
1619	1565	1.0	1496361600.0
1621	3040	1.0	1434240000.0
1622	5627	1.0	1452470400.0
1623	2861	1.0	1504569600.0
1624	542	1.0	1444089600.0
1625	61	1.0	1518220800.0
1626	5208	1.0	1410480000.0
1627	5055	1.0	1530144000.0
1629	6351	1.0	1432944000.0
1630	4973	1.0	1523836800.0
1631	7288	1.0	1519344000.0
1632	7128	1.0	1515024000.0
1633	7937	1.0	1533600000.0
1634	1260	1.0	1505347200.0
1635	841	1.0	1515369600.0
1636	5274	1.0	1494979200.0
1637	754	1.0	1404864000.0
1638	6924	1.0	1513728000.0
1639	78	1.0	1463270400.0
1640	4370	1.0	1514937600.0
1641	889	1.0	1483315200.0
1642	5661	1.0	1499212800.0
1643	2531	1.0	1433203200.0
1644	5541	1.0	1523404800.0
1645	6215	1.0	1486166400.0
1646	6793	1.0	1502928000.0
1647	6743	1.0	1499904000.0
1648	394	1.0	1426032000.0
1649	1974	1.0	1524268800.0
1650	6926	1.0	1523404800.0
1651	124	1.0	1520899200.0
1652	6895	1.0	1495411200.0
1653	88	1.0	1459036800.0
1654	6760	1.0	1481760000.0
1655	1777	1.0	1519257600.0
1656	1632	1.0	1504828800.0
1657	6760	1.0	1496448000.0
1658	961	1.0	1455667200.0
1659	5457	1.0	1482969600.0
1660	4058	1.0	1522454400.0
1661	6181	1.0	1522713600.0
1663	7233	1.0	1445126400.0
1664	7028	1.0	1482710400.0
1665	2861	1.0	1522454400.0
1666	391	1.0	1519689600.0
1667	1888	1.0	1527033600.0
1668	236	1.0	1522627200.0
1669	6330	1.0	1490659200.0
1670	5488	1.0	1477958400.0
1671	1303	1.0	1438560000.0
1673	6868	1.0	1478304000.0
1674	4749	1.0	1482364800.0
1675	6952	1.0	1486771200.0
1676	5699	1.0	1525478400.0
1678	694	1.0	1503187200.0
1679	7331	1.0	1511913600.0
1680	2434	1.0	1426550400.0
1681	99	1.0	1416700800.0
1682	73	1.0	1481846400.0
1683	6478	1.0	1502928000.0
1684	46	1.0	1499558400.0
1685	7421	1.0	1497571200.0
1687	78	1.0	1409961600.0
1688	5533	1.0	1491868800.0
1689	6834	1.0	1467072000.0
1690	7086	1.0	1522368000.0
1691	5965	1.0	1439769600.0
1692	1245	1.0	1427587200.0
1693	7829	1.0	1495670400.0
1694	1717	1.0	1492905600.0
1695	1244	1.0	1439596800.0
1698	1278	1.0	1407456000.0
1699	1094	1.0	1424217600.0
1700	7471	1.0	1509062400.0
1701	6713	1.0	1435968000.0
1702	6212	1.0	1438732800.0
1703	4341	1.0	1492300800.0
1704	6812	1.0	1505001600.0
1705	5242	1.0	1502582400.0
1706	1911	1.0	1432425600.0
1707	3162	1.0	1488240000.0
1708	5541	1.0	1439942400.0
1709	809	1.0	1425772800.0
1710	5662	1.0	1472774400.0
1711	6630	1.0	1531008000.0
1712	4051	1.0	1460937600.0
1714	3833	1.0	1522627200.0
1715	6187	1.0	1449187200.0
1716	583	1.0	1449100800.0
1717	6682	1.0	1484870400.0
1718	113	1.0	1517097600.0
1719	1706	1.0	1448409600.0
1720	1858	1.0	1518998400.0
1721	7139	1.0	1488585600.0
1722	3005	1.0	1500163200.0
1723	6667	1.0	1462147200.0
1724	6394	1.0	1510704000.0
1725	6812	1.0	1459382400.0
1726	4190	1.0	1508716800.0
1727	841	1.0	1502928000.0
1728	5392	1.0	1474675200.0
1729	3	1.0	1456617600.0
1730	5153	1.0	1521763200.0
1731	1070	1.0	1519257600.0
1732	1352	1.0	1506902400.0
1733	5557	1.0	1475020800.0
1734	1551	1.0	1452124800.0
1735	1274	1.0	1491004800.0
1736	2032	1.0	1482796800.0
1737	1888	1.0	1491177600.0
1738	5661	1.0	1498435200.0
1739	44	1.0	1496534400.0
1740	6478	1.0	1491782400.0
1741	658	1.0	1502928000.0
1742	141	1.0	1482710400.0
1743	7323	1.0	1514678400.0
1744	4243	1.0	1502323200.0
1745	6275	1.0	1522368000.0
1746	2593	1.0	1484697600.0
1747	6	1.0	1509926400.0
1748	3890	1.0	1515283200.0
1750	934	1.0	1433894400.0
1751	961	1.0	1457654400.0
1752	6522	1.0	1479772800.0
1753	7241	1.0	1505779200.0
1754	7774	1.0	1536105600.0
1755	901	1.0	1486857600.0
1756	1384	1.0	1472688000.0
1757	4419	1.0	1455840000.0
1758	7767	1.0	1474156800.0
1760	6398	1.0	1522627200.0
1761	2468	1.0	1463356800.0
1762	40	1.0	1502841600.0
1763	11	1.0	1523664000.0
1764	5662	1.0	1527465600.0
1765	902	1.0	1463529600.0
1766	6777	1.0	1503964800.0
1767	7359	1.0	1481414400.0
1768	6551	1.0	1470614400.0
1769	1352	1.0	1481328000.0
1770	7538	1.0	1504569600.0
1771	841	1.0	1470787200.0
1772	841	1.0	1468540800.0
1773	810	1.0	1456185600.0
1774	2441	1.0	1457568000.0
1775	7608	1.0	1513555200.0
1778	989	1.0	1431648000.0
1780	5410	1.0	1463702400.0
1781	6759	1.0	1485475200.0
1782	7539	1.0	1516665600.0
1783	4415	1.0	1416614400.0
1784	7553	1.0	1492905600.0
1785	7795	1.0	1531180800.0
1786	3310	1.0	1490659200.0
1787	7393	1.0	1498608000.0
1788	5808	1.0	1499558400.0
1789	6743	1.0	1421539200.0
1790	1789	1.0	1419552000.0
1791	4472	1.0	1524441600.0
1792	3026	1.0	1439856000.0
1793	448	1.0	1503446400.0
1794	3960	1.0	1522540800.0
1795	2465	1.0	1495843200.0
1796	1245	1.0	1523318400.0
1797	4133	1.0	1500422400.0
1798	5007	1.0	1524528000.0
1799	1286	1.0	1416528000.0
1800	3634	1.0	1495238400.0
1801	6278	1.0	1530835200.0
1802	6501	1.0	1503532800.0
1803	40	1.0	1523750400.0
1804	7505	1.0	1490745600.0
1805	6815	1.0	1526342400.0
1806	659	1.0	1451865600.0
1807	5644	1.0	1510704000.0
1808	4012	1.0	1504742400.0
1809	6870	1.0	1500336000.0
1810	1	1.0	1495670400.0
1812	2220	1.0	1512000000.0
1813	3491	1.0	1506729600.0
1814	1916	1.0	1470528000.0
1815	2696	1.0	1420243200.0
1816	2812	1.0	1519603200.0
1817	7	1.0	1482278400.0
1819	3444	1.0	1497657600.0
1820	444	1.0	1506211200.0
1821	6451	1.0	1510012800.0
1822	6839	1.0	1454284800.0
1823	107	1.0	1511481600.0
1824	1386	1.0	1505433600.0
1825	7481	1.0	1528848000.0
1826	7402	1.0	1507852800.0
1827	4973	1.0	1517529600.0
1828	7325	1.0	1481500800.0
1829	844	1.0	1452816000.0
1830	3212	1.0	1481328000.0
1831	2246	1.0	1523318400.0
1832	4779	1.0	1488672000.0
1833	1706	1.0	1426377600.0
1834	1888	1.0	1523923200.0
1835	6830	1.0	1445299200.0
1836	1413	1.0	1526169600.0
1837	2601	1.0	1410393600.0
1838	5427	1.0	1498608000.0
1839	5097	1.0	1464825600.0
1840	1822	1.0	1524528000.0
1841	19	1.0	1488931200.0
1844	3938	1.0	1488240000.0
1845	236	1.0	1477353600.0
1846	1244	1.0	1476057600.0
1848	194	1.0	1501718400.0
1849	984	1.0	1475107200.0
1850	78	1.0	1407110400.0
1851	1244	1.0	1429488000.0
1852	5457	1.0	1476144000.0
1853	3858	1.0	1499644800.0
1854	7316	1.0	1484438400.0
1855	6793	1.0	1505174400.0
1856	617	1.0	1498867200.0
1857	382	1.0	1513123200.0
1858	2926	1.0	1454630400.0
1859	961	1.0	1454284800.0
1860	49	1.0	1460937600.0
1861	103	1.0	1500336000.0
1862	6793	1.0	1487548800.0
1863	7397	1.0	1525564800.0
1864	812	1.0	1504396800.0
1865	5694	1.0	1474502400.0
1866	1888	1.0	1440460800.0
1867	6338	1.0	1525046400.0
1868	3607	1.0	1520035200.0
1870	1083	1.0	1522540800.0
1871	2076	1.0	1492473600.0
1872	3685	1.0	1456790400.0
1873	659	1.0	1460419200.0
1874	3939	1.0	1495411200.0
1875	575	1.0	1421798400.0
1876	2464	1.0	1528675200.0
1877	1269	1.0	1425340800.0
1878	6215	1.0	1484524800.0
1879	1888	1.0	1528588800.0
1880	5477	1.0	1512000000.0
1881	6815	1.0	1523318400.0
1882	1214	1.0	1495152000.0
1883	5195	1.0	1509580800.0
1884	1931	1.0	1456358400.0
1885	7684	1.0	1528761600.0
1886	3491	1.0	1419379200.0
1888	6511	1.0	1503619200.0
1889	3684	1.0	1478649600.0
1890	1281	1.0	1525564800.0
1892	2977	1.0	1500681600.0
1893	1243	1.0	1439856000.0
1894	639	1.0	1521072000.0
1895	6739	1.0	1484611200.0
1896	176	1.0	1517011200.0
1897	3269	1.0	1518307200.0
1898	5352	1.0	1510272000.0
1900	1093	1.0	1465171200.0
1901	1390	1.0	1460937600.0
1902	5117	1.0	1502928000.0
1903	3029	1.0	1471910400.0
1904	1616	1.0	1525046400.0
1905	6060	1.0	1514246400.0
1906	6451	1.0	1499731200.0
1907	5689	1.0	1505088000.0
1908	1286	1.0	1524614400.0
1909	1502	1.0	1498435200.0
1910	2671	1.0	1487462400.0
1911	2464	1.0	1495152000.0
1912	2992	1.0	1504828800.0
1913	812	1.0	1518652800.0
1914	3100	1.0	1498521600.0
1915	1271	1.0	1513555200.0
1916	5450	1.0	1480982400.0
1917	1338	1.0	1515715200.0
1918	6814	1.0	1498176000.0
1919	3229	1.0	1502928000.0
1920	80	1.0	1486857600.0
1921	3233	1.0	1505260800.0
1922	5636	1.0	1440115200.0
1923	3938	1.0	1518480000.0
1924	1278	1.0	1484352000.0
1925	2531	1.0	1522368000.0
1926	7704	1.0	1482278400.0
1927	2518	1.0	1526083200.0
1928	3460	1.0	1519603200.0
1929	6667	1.0	1423699200.0
1930	808	1.0	1443052800.0
1931	1066	1.0	1524614400.0
1932	6812	1.0	1434585600.0
1933	3988	1.0	1462320000.0
1935	1489	1.0	1421971200.0
1936	7651	1.0	1523318400.0
1937	7831	1.0	1520985600.0
1938	79	1.0	1456012800.0
1939	7096	1.0	1507852800.0
1940	5457	1.0	1527292800.0
1942	1465	1.0	1520553600.0
1943	5694	1.0	1480291200.0
1944	4526	1.0	1490313600.0
1945	2354	1.0	1499126400.0
1946	7860	1.0	1491868800.0
1947	7163	1.0	1482883200.0
1948	503	1.0	1522281600.0
1949	5542	1.0	1532822400.0
1950	1244	1.0	1424736000.0
1951	941	1.0	1464825600.0
1952	1942	1.0	1495411200.0
1953	7120	1.0	1520294400.0
1954	5117	1.0	1498089600.0
1956	5796	1.0	1505520000.0
1957	4550	1.0	1519689600.0
1958	5457	1.0	1415750400.0
1959	3188	1.0	1521936000.0
1960	393	1.0	1523404800.0
1961	7851	1.0	1483228800.0
1962	5693	1.0	1462233600.0
1963	5974	1.0	1503273600.0
1964	7459	1.0	1481846400.0
1965	5360	1.0	1500768000.0
1966	6793	1.0	1355616000.0
1967	6076	1.0	1458000000.0
1968	765	1.0	1480982400.0
1969	1216	1.0	1459296000.0
1971	771	1.0	1477699200.0
1972	6601	1.0	1441756800.0
1973	5488	1.0	1507766400.0
1974	1247	1.0	1473984000.0
1975	658	1.0	1488412800.0
1976	6266	1.0	1502496000.0
1978	3197	1.0	1479686400.0
1979	3332	1.0	1447891200.0
1980	7851	1.0	1514764800.0
1981	5117	1.0	1512000000.0
1982	4040	1.0	1528070400.0
1983	5541	1.0	1527206400.0
1984	4894	1.0	1466380800.0
1985	6439	1.0	1534550400.0
1986	1742	1.0	1451174400.0
1987	2183	1.0	1464220800.0
1988	123	1.0	1496707200.0
1989	3229	1.0	1501286400.0
1990	5143	1.0	1417737600.0
1991	1888	1.0	1405382400.0
1992	5707	1.0	1507939200.0
1993	3489	1.0	1435104000.0
1994	5261	1.0	1524960000.0
1995	1243	1.0	1524441600.0
1997	347	1.0	1496361600.0
1998	3009	1.0	1524700800.0
1999	6667	1.0	1483920000.0
2000	6456	1.0	1477872000.0
2001	891	1.0	1526688000.0
2002	5541	1.0	1460937600.0
2003	1601	1.0	1447027200.0
2004	7867	1.0	1505692800.0
2005	2774	1.0	1512086400.0
2006	1501	1.0	1489881600.0
2007	5541	1.0	1478390400.0
2010	692	1.0	1483747200.0
2011	333	1.0	1522972800.0
2012	3382	1.0	1504137600.0
2013	5407	1.0	1499558400.0
2014	1280	1.0	1504224000.0
2015	5118	1.0	1484438400.0
2016	4845	1.0	1468108800.0
2017	1245	1.0	1452816000.0
2018	5117	1.0	1491523200.0
2020	7889	1.0	1524960000.0
2021	1440	1.0	1505347200.0
2022	1805	1.0	1527811200.0
2023	1543	1.0	1519516800.0
2024	1075	1.0	1516924800.0
2025	4381	1.0	1489968000.0
2026	788	1.0	1480896000.0
2027	852	1.0	1504742400.0
2028	2577	1.0	1432857600.0
2029	1102	1.0	1410393600.0
2030	5536	1.0	1460592000.0
2032	4978	1.0	1516233600.0
2033	4780	1.0	1515888000.0
2034	5354	1.0	1515283200.0
2035	2220	1.0	1498176000.0
2036	2465	1.0	1428105600.0
2037	7582	1.0	1493337600.0
2038	4510	1.0	1528329600.0
2039	1184	1.0	1488067200.0
2040	4503	1.0	1452297600.0
2041	810	1.0	1522281600.0
2042	6844	1.0	1526774400.0
2043	5457	1.0	1413417600.0
2044	3040	1.0	1512777600.0
2045	2076	1.0	1495411200.0
2046	7619	1.0	1477872000.0
2047	1	1.0	1508284800.0
2048	5795	1.0	1476230400.0
2050	6812	1.0	1458864000.0
2051	1936	1.0	1479686400.0
2052	223	1.0	1487462400.0
2053	5542	1.0	1506297600.0
2054	6857	1.0	1533859200.0
2055	810	1.0	1503878400.0
2056	1131	1.0	1479427200.0
2057	811	1.0	1504396800.0
2058	3939	1.0	1471564800.0
2059	4246	1.0	1509667200.0
2060	168	1.0	1526688000.0
2061	4030	1.0	1440979200.0
2062	3939	1.0	1429833600.0
2063	5541	1.0	1450310400.0
2064	5118	1.0	1481241600.0
2065	5145	1.0	1510704000.0
2066	4	1.0	1513987200.0
2067	6676	1.0	1492128000.0
2068	5657	1.0	1486684800.0
2069	6793	1.0	1511481600.0
2070	2315	1.0	1516579200.0
2071	5745	1.0	1455321600.0
2072	1134	1.0	1444867200.0
2073	961	1.0	1517702400.0
2074	2396	1.0	1481760000.0
2075	7937	1.0	1534896000.0
2076	3985	1.0	1427846400.0
2077	844	1.0	1523750400.0
2078	7113	1.0	1488153600.0
2079	5777	1.0	1442880000.0
2080	7179	1.0	1477353600.0
2081	4312	1.0	1458518400.0
2082	6972	1.0	1522281600.0
2083	3661	1.0	1489276800.0
2084	122	1.0	1517961600.0
2085	7131	1.0	1505260800.0
2086	7023	1.0	1420416000.0
2087	5553	1.0	1528934400.0
2088	5435	1.0	1447891200.0
2089	1382	1.0	1525737600.0
2090	183	1.0	1475107200.0
2091	2593	1.0	1493078400.0
2092	6814	1.0	1508976000.0
2093	1280	1.0	1483488000.0
2094	2586	1.0	1524960000.0
2095	6215	1.0	1511049600.0
2096	2075	1.0	1482451200.0
2097	2801	1.0	1465862400.0
2098	4349	1.0	1436227200.0
2099	140	1.0	1491782400.0
2100	6667	1.0	1516320000.0
2101	1245	1.0	1452470400.0
2102	845	1.0	1514764800.0
2103	5751	1.0	1456099200.0
2104	684	1.0	1514592000.0
2105	7065	1.0	1506643200.0
2106	2642	1.0	1473724800.0
2108	659	1.0	1504569600.0
2109	6734	1.0	1482105600.0
2110	2403	1.0	1472601600.0
2111	6641	1.0	1532217600.0
2112	1	1.0	1480464000.0
2113	6667	1.0	1414108800.0
2114	3400	1.0	1484524800.0
2115	6215	1.0	1514937600.0
2116	1216	1.0	1520208000.0
2117	6793	1.0	1412553600.0
2118	5699	1.0	1433980800.0
2120	7242	1.0	1506556800.0
2121	1397	1.0	1476662400.0
2122	4075	1.0	1445385600.0
2123	2464	1.0	1527724800.0
2124	1820	1.0	1528329600.0
2125	2465	1.0	1525219200.0
2126	6501	1.0	1486425600.0
2127	1805	1.0	1435190400.0
2128	2992	1.0	1514851200.0
2129	1015	1.0	1469404800.0
2130	503	1.0	1489968000.0
2131	1888	1.0	1527465600.0
2133	5741	1.0	1494028800.0
2134	472	1.0	1450310400.0
2135	1096	1.0	1507334400.0
2136	6804	1.0	1486166400.0
2137	6778	1.0	1497744000.0
2138	1243	1.0	1465344000.0
2139	6793	1.0	1462233600.0
2140	6785	1.0	1488844800.0
2141	6555	1.0	1489449600.0
2142	810	1.0	1492905600.0
2143	7160	1.0	1492214400.0
2144	202	1.0	1494979200.0
2145	2531	1.0	1524614400.0
2146	658	1.0	1509753600.0
2147	2060	1.0	1451692800.0
2148	7585	1.0	1502928000.0
2149	5118	1.0	1481155200.0
2150	3421	1.0	1472428800.0
2151	6301	1.0	1502841600.0
2152	161	1.0	1437955200.0
2153	674	1.0	1430352000.0
2154	5661	1.0	1452902400.0
2155	5117	1.0	1481068800.0
2156	1789	1.0	1519084800.0
2157	140	1.0	1494633600.0
2158	7641	1.0	1532563200.0
2159	2220	1.0	1502928000.0
2160	1128	1.0	1464220800.0
2161	362	1.0	1463961600.0
2162	7922	1.0	1461196800.0
2163	7105	1.0	1456531200.0
2164	1706	1.0	1503014400.0
2165	961	1.0	1462320000.0
2166	2373	1.0	1523404800.0
2168	2108	1.0	1517788800.0
2169	11	1.0	1484352000.0
2170	841	1.0	1500249600.0
2171	6452	1.0	1504483200.0
2172	845	1.0	1505692800.0
2173	2412	1.0	1474934400.0
2174	3038	1.0	1375920000.0
2175	7346	1.0	1493769600.0
2176	7124	1.0	1508198400.0
2177	1165	1.0	1468281600.0
2178	1888	1.0	1470268800.0
2179	1274	1.0	1517011200.0
2181	3212	1.0	1472083200.0
2182	812	1.0	1495584000.0
2183	942	1.0	1473120000.0
2184	6178	1.0	1476057600.0
2185	2071	1.0	1506902400.0
2186	3785	1.0	1493337600.0
2187	1244	1.0	1523404800.0
2188	565	1.0	1495670400.0
2189	6029	1.0	1513555200.0
2190	7201	1.0	1525392000.0
2191	5699	1.0	1455494400.0
2192	31	1.0	1486080000.0
2193	5706	1.0	1465257600.0
2194	2769	1.0	1527292800.0
2195	2205	1.0	1511136000.0
2196	6215	1.0	1507766400.0
2197	7158	1.0	1454112000.0
2198	656	1.0	1505692800.0
2199	5882	1.0	1416614400.0
2200	23	1.0	1517270400.0
2203	79	1.0	1508803200.0
2204	7908	1.0	1483488000.0
2205	720	1.0	1525392000.0
2206	80	1.0	1522540800.0
2207	1891	1.0	1516838400.0
2208	6946	1.0	1534896000.0
2209	6763	1.0	1520380800.0
2210	346	1.0	1489881600.0
2211	461	1.0	1492300800.0
2213	6667	1.0	1460937600.0
2214	5541	1.0	1523232000.0
2215	2548	1.0	1476662400.0
2216	4461	1.0	1489708800.0
2217	4383	1.0	1521504000.0
2218	2926	1.0	1423267200.0
2220	845	1.0	1471910400.0
2221	1678	1.0	1523232000.0
2222	433	1.0	1518739200.0
2223	4012	1.0	1506297600.0
2224	6369	1.0	1482278400.0
2225	5641	1.0	1463443200.0
2226	167	1.0	1503360000.0
2227	1487	1.0	1519862400.0
2228	6793	1.0	1472688000.0
2229	421	1.0	1524960000.0
2230	4322	1.0	1452816000.0
2231	1312	1.0	1500854400.0
2233	5751	1.0	1442793600.0
2234	7861	1.0	1504742400.0
2235	6841	1.0	1522022400.0
2237	7401	1.0	1523145600.0
2238	5662	1.0	1521590400.0
2239	4082	1.0	1480982400.0
2240	2464	1.0	1404432000.0
2241	896	1.0	1483574400.0
2242	7472	1.0	1496448000.0
2243	2622	1.0	1503187200.0
2244	2812	1.0	1492992000.0
2245	3579	1.0	1494201600.0
2246	1100	1.0	1459296000.0
2247	7347	1.0	1527206400.0
2248	4350	1.0	1492905600.0
2250	461	1.0	1485302400.0
2251	4859	1.0	1480636800.0
2253	4264	1.0	1500336000.0
2254	233	1.0	1513209600.0
2255	2198	1.0	1489708800.0
2256	841	1.0	1462665600.0
2257	1086	1.0	1519776000.0
2258	845	1.0	1472860800.0
2259	656	1.0	1506124800.0
2260	3700	1.0	1464652800.0
2261	788	1.0	1492128000.0
2262	6959	1.0	1527206400.0
2263	3719	1.0	1506902400.0
2264	2998	1.0	1524441600.0
2265	1230	1.0	1520553600.0
2266	1465	1.0	1482364800.0
2268	7559	1.0	1518480000.0
2269	1271	1.0	1492300800.0
2270	1855	1.0	1487203200.0
2271	7165	1.0	1488844800.0
2273	5678	1.0	1522800000.0
2274	7576	1.0	1520899200.0
2275	1663	1.0	1486339200.0
2276	5118	1.0	1501804800.0
2277	1805	1.0	1524441600.0
2278	3062	1.0	1492905600.0
2279	1552	1.0	1504656000.0
2280	6812	1.0	1515542400.0
2281	3939	1.0	1493596800.0
2282	7015	1.0	1489795200.0
2283	6506	1.0	1512000000.0
2284	1239	1.0	1482796800.0
2285	2945	1.0	1454284800.0
2286	3399	1.0	1490140800.0
2287	2404	1.0	1525910400.0
2288	255	1.0	1388102400.0
2289	7023	1.0	1437091200.0
2290	6451	1.0	1525651200.0
2291	1243	1.0	1482451200.0
2292	4328	1.0	1488240000.0
2293	5753	1.0	1529452800.0
2294	2144	1.0	1472342400.0
2295	5708	1.0	1438905600.0
2297	6128	1.0	1452038400.0
2298	1888	1.0	1436745600.0
2299	501	1.0	1452211200.0
2300	7105	1.0	1496448000.0
2301	7533	1.0	1515715200.0
2302	4845	1.0	1530316800.0
2303	4494	1.0	1452988800.0
2304	1096	1.0	1497484800.0
2305	236	1.0	1440460800.0
2306	3552	1.0	1459555200.0
2307	6818	1.0	1490918400.0
2308	6793	1.0	1523404800.0
2309	5431	1.0	1455667200.0
2310	5786	1.0	1419033600.0
2311	815	1.0	1515801600.0
2312	2503	1.0	1506556800.0
2313	6785	1.0	1438646400.0
2314	124	1.0	1517270400.0
2315	4900	1.0	1461369600.0
2316	4875	1.0	1426550400.0
2317	639	1.0	1522972800.0
2318	4473	1.0	1514764800.0
2319	3980	1.0	1455235200.0
2320	5164	1.0	1505260800.0
2321	2531	1.0	1468713600.0
2322	1268	1.0	1494201600.0
2324	4717	1.0	1487635200.0
2325	1383	1.0	1491177600.0
2326	841	1.0	1506384000.0
2327	4360	1.0	1434758400.0
2328	1864	1.0	1501286400.0
2329	1963	1.0	1450224000.0
2330	7129	1.0	1458345600.0
2331	349	1.0	1502755200.0
2332	1028	1.0	1477958400.0
2333	7373	1.0	1489536000.0
2334	1940	1.0	1499040000.0
2335	1552	1.0	1514246400.0
2336	961	1.0	1527120000.0
2337	844	1.0	1421971200.0
2338	3197	1.0	1414800000.0
2339	7564	1.0	1516752000.0
2340	1888	1.0	1523404800.0
2341	2441	1.0	1484784000.0
2342	2263	1.0	1511481600.0
2343	6702	1.0	1513728000.0
2344	63	1.0	1459296000.0
2345	4239	1.0	1471910400.0
2346	1	1.0	1510531200.0
2347	1285	1.0	1483833600.0
2348	4834	1.0	1511395200.0
2349	6782	1.0	1493164800.0
2350	7391	1.0	1515801600.0
2351	4245	1.0	1410220800.0
2353	1244	1.0	1526428800.0
2355	2689	1.0	1454112000.0
2356	2465	1.0	1468540800.0
2357	2901	1.0	1492041600.0
2358	2788	1.0	1425945600.0
2359	869	1.0	1520380800.0
2360	6743	1.0	1469059200.0
2361	4555	1.0	1470009600.0
2362	1501	1.0	1523232000.0
2363	49	1.0	1427414400.0
2364	3458	1.0	1500336000.0
2365	1243	1.0	1524528000.0
2366	2823	1.0	1520553600.0
2367	3448	1.0	1389571200.0
2368	7303	1.0	1465171200.0
2369	7839	1.0	1513814400.0
2370	3834	1.0	1507766400.0
2371	659	1.0	1514937600.0
2372	2548	1.0	1506556800.0
2373	7222	1.0	1531872000.0
2374	4224	1.0	1493942400.0
2376	7733	1.0	1523836800.0
2377	1582	1.0	1507420800.0
2378	5420	1.0	1430524800.0
2379	2185	1.0	1506297600.0
2380	6713	1.0	1528329600.0
2381	5541	1.0	1425945600.0
2382	6064	1.0	1508889600.0
2384	7192	1.0	1504483200.0
2385	5775	1.0	1496275200.0
2386	2769	1.0	1472256000.0
2387	5541	1.0	1524787200.0
2388	1805	1.0	1436745600.0
2389	5494	1.0	1514592000.0
2390	2101	1.0	1496966400.0
2392	3817	1.0	1481155200.0
2393	5048	1.0	1494201600.0
2394	841	1.0	1456358400.0
2395	1936	1.0	1527984000.0
2396	6310	1.0	1528070400.0
2398	7290	1.0	1505088000.0
2399	6178	1.0	1502582400.0
2400	5117	1.0	1526947200.0
2401	7283	1.0	1483660800.0
2402	5635	1.0	1476835200.0
2403	6054	1.0	1468886400.0
2405	1075	1.0	1508284800.0
2406	5541	1.0	1527638400.0
2407	2782	1.0	1496188800.0
2408	1397	1.0	1463529600.0
2409	2082	1.0	1505692800.0
2410	7011	1.0	1501632000.0
2411	4973	1.0	1480464000.0
2413	5541	1.0	1440028800.0
2414	3938	1.0	1387324800.0
2415	290	1.0	1510185600.0
2416	41	1.0	1500336000.0
2417	3794	1.0	1405987200.0
2418	7309	1.0	1525824000.0
2419	6438	1.0	1507852800.0
2420	6785	1.0	1487548800.0
2421	6837	1.0	1495584000.0
2422	5541	1.0	1504224000.0
2423	3614	1.0	1425340800.0
2424	7851	1.0	1515542400.0
2425	250	1.0	1521763200.0
2426	6785	1.0	1411084800.0
2427	79	1.0	1522368000.0
2428	886	1.0	1524009600.0
2429	5035	1.0	1444003200.0
2430	1940	1.0	1466985600.0
2431	6560	1.0	1488585600.0
2432	80	1.0	1507334400.0
2433	6834	1.0	1521417600.0
2434	49	1.0	1499040000.0
2435	6246	1.0	1464134400.0
2436	5644	1.0	1525564800.0
2437	987	1.0	1454716800.0
2438	1583	1.0	1515456000.0
2439	6831	1.0	1469145600.0
2440	6602	1.0	1493251200.0
2441	2736	1.0	1452297600.0
2442	6823	1.0	1477353600.0
2443	5531	1.0	1512000000.0
2444	1245	1.0	1452556800.0
2445	3999	1.0	1429747200.0
2446	6523	1.0	1453939200.0
2448	1583	1.0	1435622400.0
2449	2008	1.0	1528156800.0
2450	2669	1.0	1518307200.0
2451	7774	1.0	1491609600.0
2453	461	1.0	1512864000.0
2454	1501	1.0	1473379200.0
2455	227	1.0	1516060800.0
2457	1429	1.0	1424476800.0
2458	1347	1.0	1511740800.0
2459	2351	1.0	1498608000.0
2460	1314	1.0	1501459200.0
2461	6759	1.0	1477612800.0
2462	3231	1.0	1487116800.0
2463	3664	1.0	1477958400.0
2464	1347	1.0	1514678400.0
2465	7485	1.0	1508544000.0
2466	5117	1.0	1461024000.0
2467	3665	1.0	1424390400.0
2469	5216	1.0	1503878400.0
2470	6371	1.0	1497571200.0
2471	5641	1.0	1504915200.0
2472	6321	1.0	1506643200.0
2473	7001	1.0	1421280000.0
2474	2465	1.0	1413763200.0
2475	2586	1.0	1464220800.0
2476	1002	1.0	1432252800.0
2477	1569	1.0	1502236800.0
2478	5535	1.0	1482969600.0
2479	7819	1.0	1512691200.0
2480	239	1.0	1520208000.0
2481	7013	1.0	1468800000.0
2482	1888	1.0	1523577600.0
2484	5068	1.0	1521763200.0
2485	4218	1.0	1442707200.0
2486	6743	1.0	1491868800.0
2487	1540	1.0	1475452800.0
2488	1090	1.0	1472947200.0
2489	2190	1.0	1504137600.0
2490	96	1.0	1447027200.0
2492	4177	1.0	1527638400.0
2494	5242	1.0	1466726400.0
2495	2781	1.0	1502582400.0
2496	1590	1.0	1487980800.0
2497	5807	1.0	1506643200.0
2498	5117	1.0	1398124800.0
2499	1075	1.0	1520899200.0
2500	7264	1.0	1518652800.0
2501	7872	1.0	1477353600.0
2502	3767	1.0	1510790400.0
2503	6777	1.0	1454544000.0
2504	5494	1.0	1524960000.0
2505	188	1.0	1506470400.0
2506	1916	1.0	1515542400.0
2507	2915	1.0	1452816000.0
2508	1901	1.0	1493164800.0
2509	237	1.0	1492905600.0
2510	4053	1.0	1518220800.0
2511	195	1.0	1427328000.0
2512	3752	1.0	1422662400.0
2513	4370	1.0	1515715200.0
2514	2465	1.0	1494633600.0
2515	2867	1.0	1513382400.0
2516	2530	1.0	1493424000.0
2517	7716	1.0	1531180800.0
2518	6761	1.0	1509840000.0
2519	6067	1.0	1468540800.0
2520	6699	1.0	1507161600.0
2521	1	1.0	1408665600.0
2522	427	1.0	1477785600.0
2523	1244	1.0	1528416000.0
2524	4169	1.0	1526428800.0
2525	6745	1.0	1491091200.0
2526	2938	1.0	1490572800.0
2527	1501	1.0	1520208000.0
2528	5878	1.0	1502841600.0
2529	1397	1.0	1487203200.0
2530	5636	1.0	1470096000.0
2531	1417	1.0	1459814400.0
2532	1036	1.0	1520553600.0
2533	701	1.0	1450915200.0
2535	571	1.0	1424736000.0
2536	1028	1.0	1482105600.0
2537	4526	1.0	1432684800.0
2538	6713	1.0	1483747200.0
2539	961	1.0	1527465600.0
2540	6945	1.0	1483401600.0
2541	608	1.0	1411257600.0
2542	3009	1.0	1528329600.0
2543	5118	1.0	1492387200.0
2544	2089	1.0	1508544000.0
2545	4080	1.0	1489017600.0
2547	733	1.0	1501372800.0
2548	1706	1.0	1359936000.0
2549	1595	1.0	1465516800.0
2550	4885	1.0	1498694400.0
2551	1278	1.0	1522368000.0
2552	6785	1.0	1484611200.0
2553	5642	1.0	1452816000.0
2554	3949	1.0	1518652800.0
2555	1312	1.0	1458259200.0
2556	6249	1.0	1462320000.0
2557	4973	1.0	1471478400.0
2558	845	1.0	1473724800.0
2559	5300	1.0	1466294400.0
2560	6818	1.0	1420070400.0
2561	2948	1.0	1432857600.0
2562	567	1.0	1508457600.0
2563	6531	1.0	1534118400.0
2564	50	1.0	1524700800.0
2565	1706	1.0	1472169600.0
2566	7608	1.0	1523923200.0
2567	7001	1.0	1421107200.0
2568	5541	1.0	1525651200.0
2569	2464	1.0	1423872000.0
2570	2403	1.0	1405209600.0
2571	2548	1.0	1486080000.0
2572	7241	1.0	1524528000.0
2573	4260	1.0	1467158400.0
2574	961	1.0	1518912000.0
2576	7608	1.0	1499385600.0
2577	1501	1.0	1467763200.0
2578	4973	1.0	1523491200.0
2579	5533	1.0	1490054400.0
2580	929	1.0	1505174400.0
2581	659	1.0	1498348800.0
2582	1258	1.0	1441584000.0
2584	7608	1.0	1482019200.0
2585	1328	1.0	1446681600.0
2586	1281	1.0	1475366400.0
2587	6179	1.0	1463788800.0
2588	721	1.0	1478995200.0
2589	1465	1.0	1464048000.0
2591	2051	1.0	1528761600.0
2592	4977	1.0	1494892800.0
2593	6793	1.0	1515024000.0
2594	7839	1.0	1512691200.0
2595	100	1.0	1501718400.0
2596	841	1.0	1450310400.0
2597	6509	1.0	1492041600.0
2598	6667	1.0	1360800000.0
2600	7241	1.0	1530230400.0
2601	6666	1.0	1524787200.0
2602	2169	1.0	1494201600.0
2603	6661	1.0	1494201600.0
2604	2664	1.0	1497657600.0
2605	7572	1.0	1524700800.0
2606	7512	1.0	1490572800.0
2607	1581	1.0	1447459200.0
2608	6214	1.0	1523923200.0
2609	7943	1.0	1499385600.0
2610	4176	1.0	1410134400.0
2611	1	1.0	1473897600.0
2612	3105	1.0	1526428800.0
2613	668	1.0	1465430400.0
2614	1773	1.0	1457827200.0
2615	1822	1.0	1524614400.0
2616	1582	1.0	1520121600.0
2617	3038	1.0	1480032000.0
2618	4802	1.0	1522972800.0
2619	6740	1.0	1481760000.0
2620	6045	1.0	1489276800.0
2621	807	1.0	1502841600.0
2622	3399	1.0	1484265600.0
2623	1706	1.0	1463616000.0
2624	1057	1.0	1498953600.0
2625	6945	1.0	1496707200.0
2626	6839	1.0	1518220800.0
2627	7354	1.0	1517270400.0
2628	5712	1.0	1511568000.0
2629	23	1.0	1481673600.0
2630	6730	1.0	1456617600.0
2631	2503	1.0	1433548800.0
2632	6371	1.0	1497052800.0
2633	3414	1.0	1513468800.0
2634	5333	1.0	1477785600.0
2635	1355	1.0	1504483200.0
2636	1787	1.0	1457136000.0
2637	1401	1.0	1451088000.0
2638	7514	1.0	1482969600.0
2639	1822	1.0	1527292800.0
2640	5410	1.0	1530748800.0
2641	7201	1.0	1491523200.0
2642	184	1.0	1406851200.0
2644	811	1.0	1509148800.0
2645	2177	1.0	1523836800.0
2646	5117	1.0	1500422400.0
2647	3336	1.0	1404691200.0
2648	576	1.0	1510099200.0
2649	1243	1.0	1505520000.0
2650	1582	1.0	1515801600.0
2651	6743	1.0	1454371200.0
2652	975	1.0	1453852800.0
2653	5277	1.0	1483747200.0
2654	2082	1.0	1494979200.0
2655	6451	1.0	1534291200.0
2656	5244	1.0	1435708800.0
2657	2159	1.0	1497744000.0
2658	271	1.0	1452902400.0
2659	235	1.0	1513468800.0
2660	1706	1.0	1440806400.0
2661	4277	1.0	1486684800.0
2662	831	1.0	1500163200.0
2663	7555	1.0	1514419200.0
2664	808	1.0	1469145600.0
2665	6812	1.0	1464998400.0
2666	3172	1.0	1526860800.0
2667	1941	1.0	1526688000.0
2668	4834	1.0	1513641600.0
2669	7012	1.0	1491782400.0
2670	49	1.0	1481414400.0
2672	6654	1.0	1504137600.0
2673	6307	1.0	1460937600.0
2674	2058	1.0	1516147200.0
2675	696	1.0	1469750400.0
2676	2465	1.0	1451001600.0
2677	6322	1.0	1525046400.0
2678	1268	1.0	1475884800.0
2679	4317	1.0	1519084800.0
2680	3246	1.0	1454630400.0
2681	3973	1.0	1511568000.0
2682	5662	1.0	1523059200.0
2684	929	1.0	1494806400.0
2685	3965	1.0	1490227200.0
2686	7734	1.0	1519171200.0
2687	4556	1.0	1456704000.0
2688	5457	1.0	1471478400.0
2689	5955	1.0	1429315200.0
2690	7733	1.0	1518998400.0
2691	7941	1.0	1493596800.0
2692	3231	1.0	1454457600.0
2693	107	1.0	1522454400.0
2694	4554	1.0	1494633600.0
2695	5642	1.0	1489708800.0
2696	7627	1.0	1470960000.0
2697	3093	1.0	1507420800.0
2698	6713	1.0	1520208000.0
2699	570	1.0	1451779200.0
2700	1279	1.0	1474329600.0
2701	1075	1.0	1465257600.0
2702	1789	1.0	1457049600.0
2703	374	1.0	1450396800.0
2704	7686	1.0	1486512000.0
2705	1071	1.0	1429660800.0
2706	5650	1.0	1501113600.0
2707	5707	1.0	1517184000.0
2708	1245	1.0	1428451200.0
2709	7650	1.0	1508630400.0
2710	2375	1.0	1472169600.0
2711	3519	1.0	1480896000.0
2712	1888	1.0	1518825600.0
2713	3700	1.0	1446595200.0
2715	3233	1.0	1459641600.0
2718	7289	1.0	1504224000.0
2720	7286	1.0	1466035200.0
2721	85	1.0	1474070400.0
2722	1805	1.0	1479859200.0
2723	4085	1.0	1509494400.0
2724	6333	1.0	1457049600.0
2725	6530	1.0	1430265600.0
2726	4492	1.0	1515888000.0
2727	4709	1.0	1527465600.0
2728	7426	1.0	1512000000.0
2729	2707	1.0	1517270400.0
2730	1355	1.0	1452816000.0
2731	39	1.0	1484352000.0
2732	6918	1.0	1494288000.0
2733	5076	1.0	1492041600.0
2734	6713	1.0	1533340800.0
2735	809	1.0	1408924800.0
2736	5717	1.0	1486771200.0
2737	7774	1.0	1512345600.0
2738	5541	1.0	1527206400.0
2739	3785	1.0	1524960000.0
2740	3759	1.0	1469318400.0
2741	6551	1.0	1491782400.0
2742	5706	1.0	1499817600.0
2743	6812	1.0	1513555200.0
2744	4499	1.0	1428710400.0
2745	3009	1.0	1527379200.0
2746	3174	1.0	1483228800.0
2747	2921	1.0	1528588800.0
2748	7581	1.0	1503446400.0
2749	3949	1.0	1513209600.0
2750	1244	1.0	1441065600.0
2751	530	1.0	1520035200.0
2752	5818	1.0	1488585600.0
2753	7845	1.0	1494288000.0
2754	2769	1.0	1428883200.0
2755	49	1.0	1522022400.0
2756	5776	1.0	1483747200.0
2757	2064	1.0	1463011200.0
2758	3640	1.0	1502496000.0
2759	6773	1.0	1467244800.0
2760	1706	1.0	1528329600.0
2761	753	1.0	1464912000.0
2762	2112	1.0	1494806400.0
2763	7386	1.0	1484006400.0
2764	7638	1.0	1483056000.0
2765	1302	1.0	1500508800.0
2766	6540	1.0	1512518400.0
2767	1303	1.0	1520380800.0
2768	5459	1.0	1512345600.0
2769	1919	1.0	1525046400.0
2770	2577	1.0	1494633600.0
2771	1822	1.0	1528329600.0
2772	6775	1.0	1493164800.0
2773	19	1.0	1446508800.0
2774	7734	1.0	1499299200.0
2775	5008	1.0	1417478400.0
2776	231	1.0	1423526400.0
2777	6178	1.0	1479340800.0
2778	122	1.0	1525996800.0
2779	2681	1.0	1505260800.0
2780	2769	1.0	1519603200.0
2781	4350	1.0	1523836800.0
2782	2465	1.0	1418169600.0
2783	2522	1.0	1477267200.0
2784	1706	1.0	1378425600.0
2785	2768	1.0	1481760000.0
2786	2769	1.0	1525132800.0
2787	5786	1.0	1506816000.0
2788	1126	1.0	1498608000.0
2789	2769	1.0	1457568000.0
2790	79	1.0	1508716800.0
2791	5118	1.0	1521504000.0
2792	6729	1.0	1511395200.0
2793	6793	1.0	1430265600.0
2794	6841	1.0	1451433600.0
2795	6371	1.0	1461024000.0
2796	497	1.0	1515974400.0
2797	6684	1.0	1526515200.0
2798	2364	1.0	1514937600.0
2799	879	1.0	1527033600.0
2800	4340	1.0	1491264000.0
2801	1706	1.0	1460073600.0
2802	5338	1.0	1528329600.0
2803	2769	1.0	1475280000.0
2804	3939	1.0	1525651200.0
2805	6918	1.0	1496448000.0
2806	891	1.0	1520640000.0
2807	5074	1.0	1481760000.0
2808	1397	1.0	1464825600.0
2809	246	1.0	1515110400.0
2810	3278	1.0	1455840000.0
2811	280	1.0	1525824000.0
2812	4973	1.0	1516492800.0
2813	7691	1.0	1472515200.0
2814	44	1.0	1494374400.0
2815	6710	1.0	1484870400.0
2816	1805	1.0	1526169600.0
2817	6770	1.0	1456358400.0
2818	891	1.0	1511827200.0
2819	6857	1.0	1518912000.0
2820	7544	1.0	1496275200.0
2821	6441	1.0	1477612800.0
2822	961	1.0	1417392000.0
2823	1794	1.0	1489795200.0
2824	491	1.0	1515110400.0
2825	1243	1.0	1527724800.0
2826	1540	1.0	1522972800.0
2827	7637	1.0	1522022400.0
2828	4476	1.0	1495756800.0
2829	5118	1.0	1528502400.0
2830	411	1.0	1514592000.0
2831	4973	1.0	1522540800.0
2833	1787	1.0	1489622400.0
2834	5662	1.0	1422403200.0
2835	6713	1.0	1534809600.0
2836	316	1.0	1484438400.0
2837	841	1.0	1512086400.0
2838	1028	1.0	1483315200.0
2839	5661	1.0	1523577600.0
2840	788	1.0	1482364800.0
2841	2464	1.0	1459814400.0
2842	5039	1.0	1508803200.0
2843	1001	1.0	1493596800.0
2844	5350	1.0	1526774400.0
2845	253	1.0	1493078400.0
2846	6793	1.0	1470182400.0
2847	5650	1.0	1521676800.0
2848	1397	1.0	1475798400.0
2849	4837	1.0	1527379200.0
2850	821	1.0	1417737600.0
2851	659	1.0	1525392000.0
2852	33	1.0	1522713600.0
2853	130	1.0	1432944000.0
2854	3029	1.0	1509408000.0
2855	2403	1.0	1508112000.0
2856	1066	1.0	1515283200.0
2857	4596	1.0	1526601600.0
2858	1916	1.0	1459209600.0
2859	5332	1.0	1497225600.0
2860	1819	1.0	1528156800.0
2862	6760	1.0	1490227200.0
2863	7861	1.0	1491436800.0
2864	1285	1.0	1505347200.0
2865	2439	1.0	1452211200.0
2866	686	1.0	1451865600.0
2868	4849	1.0	1529971200.0
2869	6745	1.0	1472774400.0
2870	3491	1.0	1427932800.0
2871	4992	1.0	1518912000.0
2872	1243	1.0	1528675200.0
2873	2531	1.0	1436832000.0
2874	5118	1.0	1435536000.0
2875	3399	1.0	1489017600.0
2876	2598	1.0	1513296000.0
2877	659	1.0	1497225600.0
2878	6551	1.0	1522972800.0
2879	1760	1.0	1527292800.0
2880	2819	1.0	1487289600.0
2881	5028	1.0	1490832000.0
2882	1940	1.0	1489017600.0
2883	1096	1.0	1490572800.0
2884	680	1.0	1438473600.0
2885	738	1.0	1494892800.0
2886	421	1.0	1484438400.0
2887	5475	1.0	1520726400.0
2888	1789	1.0	1471910400.0
2889	3949	1.0	1522281600.0
2890	6988	1.0	1481414400.0
2891	7093	1.0	1503878400.0
2892	4350	1.0	1519948800.0
2893	2769	1.0	1448582400.0
2894	748	1.0	1456617600.0
2895	1383	1.0	1498089600.0
2896	1278	1.0	1405987200.0
2897	2220	1.0	1505260800.0
2898	6713	1.0	1468713600.0
2899	1685	1.0	1478649600.0
2900	2577	1.0	1464566400.0
2901	769	1.0	1499126400.0
2902	5703	1.0	1526774400.0
2903	7935	1.0	1526947200.0
2904	1015	1.0	1470096000.0
2905	2831	1.0	1505606400.0
2906	4336	1.0	1527292800.0
2907	4170	1.0	1526428800.0
2908	6483	1.0	1461715200.0
2909	5748	1.0	1493942400.0
2910	1501	1.0	1428537600.0
2912	5457	1.0	1527811200.0
2914	7030	1.0	1481587200.0
2915	1286	1.0	1484265600.0
2916	5117	1.0	1525219200.0
2917	6395	1.0	1482883200.0
2918	5091	1.0	1441152000.0
2920	2089	1.0	1490572800.0
2921	6723	1.0	1510963200.0
2922	5048	1.0	1529193600.0
2923	1569	1.0	1511568000.0
2926	7103	1.0	1531008000.0
2927	2117	1.0	1513555200.0
2928	6039	1.0	1452988800.0
2929	4280	1.0	1509580800.0
2930	3886	1.0	1510444800.0
2932	1278	1.0	1415750400.0
2933	88	1.0	1486339200.0
2934	7160	1.0	1465862400.0
2935	4267	1.0	1530489600.0
2936	129	1.0	1454457600.0
2937	606	1.0	1518566400.0
2938	1393	1.0	1515974400.0
2939	6351	1.0	1503532800.0
2940	5084	1.0	1453161600.0
2941	409	1.0	1468627200.0
2942	7460	1.0	1526342400.0
2943	6563	1.0	1417305600.0
2944	1328	1.0	1466553600.0
2945	3287	1.0	1506297600.0
2946	1858	1.0	1513209600.0
2947	4430	1.0	1502236800.0
2948	2441	1.0	1505433600.0
2950	7811	1.0	1518480000.0
2951	7001	1.0	1469923200.0
2952	1223	1.0	1517443200.0
2953	5931	1.0	1523750400.0
2954	7398	1.0	1529107200.0
2955	4932	1.0	1455840000.0
2956	11	1.0	1505952000.0
2957	3213	1.0	1484697600.0
2958	5751	1.0	1492128000.0
2959	1451	1.0	1476316800.0
2960	1131	1.0	1522454400.0
2961	5700	1.0	1485907200.0
2962	1393	1.0	1483228800.0
2963	6480	1.0	1522713600.0
2964	2373	1.0	1526169600.0
2965	6725	1.0	1504656000.0
2966	4551	1.0	1493078400.0
2967	4253	1.0	1529366400.0
2968	765	1.0	1511740800.0
2969	1820	1.0	1528329600.0
2970	948	1.0	1456531200.0
2971	197	1.0	1502150400.0
2972	5588	1.0	1481155200.0
2973	6834	1.0	1524441600.0
2975	6817	1.0	1520380800.0
2976	4438	1.0	1496102400.0
2977	47	1.0	1509062400.0
2978	4513	1.0	1525737600.0
2979	7204	1.0	1487116800.0
2980	6318	1.0	1442275200.0
2981	5382	1.0	1515715200.0
2982	5392	1.0	1496188800.0
2983	915	1.0	1419897600.0
2984	6818	1.0	1472601600.0
2985	867	1.0	1477008000.0
2986	6957	1.0	1505692800.0
2987	6043	1.0	1512259200.0
2988	5542	1.0	1433030400.0
2989	5541	1.0	1527552000.0
2990	49	1.0	1516492800.0
2991	961	1.0	1435536000.0
2992	1015	1.0	1480032000.0
2993	1129	1.0	1425081600.0
2994	5541	1.0	1527984000.0
2995	253	1.0	1499990400.0
2996	7788	1.0	1526688000.0
2997	6215	1.0	1524096000.0
2998	4177	1.0	1447286400.0
2999	3229	1.0	1493769600.0
3000	6381	1.0	1502668800.0
3001	6503	1.0	1516320000.0
3002	6377	1.0	1514764800.0
3003	5906	1.0	1492992000.0
3004	7299	1.0	1497139200.0
3006	1501	1.0	1503273600.0
3007	639	1.0	1445472000.0
3008	7001	1.0	1497312000.0
3009	5076	1.0	1493942400.0
3011	5672	1.0	1475366400.0
3012	1301	1.0	1511654400.0
3013	575	1.0	1460160000.0
3014	3487	1.0	1506384000.0
3016	5014	1.0	1501200000.0
3017	1216	1.0	1472860800.0
3018	6356	1.0	1459036800.0
3019	5703	1.0	1516924800.0
3020	6249	1.0	1504828800.0
3021	2531	1.0	1467763200.0
3022	3264	1.0	1522108800.0
3024	3489	1.0	1496966400.0
3025	3550	1.0	1528761600.0
3026	1942	1.0	1507420800.0
3027	7500	1.0	1529798400.0
3028	2465	1.0	1478649600.0
3029	6522	1.0	1480464000.0
3030	4128	1.0	1490140800.0
3031	7089	1.0	1513728000.0
3032	1398	1.0	1491868800.0
3033	7696	1.0	1497139200.0
3034	3835	1.0	1469836800.0
3035	3452	1.0	1471737600.0
3036	6743	1.0	1436918400.0
3037	3	1.0	1406764800.0
3038	890	1.0	1511654400.0
3039	49	1.0	1514332800.0
3040	1270	1.0	1455408000.0
3041	3009	1.0	1524096000.0
3042	2220	1.0	1523491200.0
3044	2464	1.0	1502064000.0
3045	656	1.0	1461628800.0
3046	6793	1.0	1517270400.0
3047	3014	1.0	1411603200.0
3048	3707	1.0	1528934400.0
3049	6879	1.0	1530835200.0
3050	3693	1.0	1513468800.0
3051	1132	1.0	1506470400.0
3052	1245	1.0	1430697600.0
3053	7926	1.0	1492300800.0
3054	1805	1.0	1523750400.0
3055	1359	1.0	1512432000.0
3056	6398	1.0	1519603200.0
3057	5541	1.0	1442534400.0
3058	4973	1.0	1443830400.0
3059	3630	1.0	1515801600.0
3060	1465	1.0	1432598400.0
3062	4521	1.0	1418515200.0
3063	4973	1.0	1476921600.0
3064	1303	1.0	1501718400.0
3065	40	1.0	1432339200.0
3066	5702	1.0	1506470400.0
3067	1459	1.0	1505520000.0
3068	799	1.0	1496188800.0
3069	2278	1.0	1507507200.0
3070	3903	1.0	1521849600.0
3071	152	1.0	1491955200.0
3072	896	1.0	1480982400.0
3073	6246	1.0	1512000000.0
3074	2769	1.0	1504224000.0
3075	1271	1.0	1445212800.0
3076	6155	1.0	1518912000.0
3077	80	1.0	1467849600.0
3078	961	1.0	1468627200.0
3079	1094	1.0	1397001600.0
3080	3508	1.0	1418428800.0
3081	4438	1.0	1415577600.0
3082	7012	1.0	1462492800.0
3083	5475	1.0	1531872000.0
3084	647	1.0	1500422400.0
3085	4168	1.0	1503792000.0
3086	3664	1.0	1498348800.0
3087	4056	1.0	1455926400.0
3088	375	1.0	1447200000.0
3089	1216	1.0	1476662400.0
3090	126	1.0	1499817600.0
3091	3832	1.0	1466899200.0
3092	5061	1.0	1494460800.0
3093	6723	1.0	1495929600.0
3094	1244	1.0	1527120000.0
3095	5118	1.0	1462492800.0
3096	1270	1.0	1503532800.0
3097	1866	1.0	1449964800.0
3098	5457	1.0	1483142400.0
3099	7363	1.0	1511913600.0
3100	1805	1.0	1461801600.0
3101	7623	1.0	1516060800.0
3102	845	1.0	1472947200.0
3103	1245	1.0	1448928000.0
3104	4851	1.0	1521676800.0
3105	2852	1.0	1493510400.0
3106	4341	1.0	1523232000.0
3108	1456	1.0	1415318400.0
3109	1015	1.0	1492646400.0
3110	4845	1.0	1508889600.0
3111	5437	1.0	1517356800.0
3112	653	1.0	1501286400.0
3113	448	1.0	1468627200.0
3114	2769	1.0	1500595200.0
3115	1789	1.0	1523145600.0
3116	6310	1.0	1462752000.0
3117	2112	1.0	1505779200.0
3118	2649	1.0	1506038400.0
3119	168	1.0	1513555200.0
3120	1892	1.0	1454716800.0
3121	1268	1.0	1503619200.0
3122	2702	1.0	1513641600.0
3123	3116	1.0	1524182400.0
3124	6822	1.0	1503273600.0
3125	7616	1.0	1493510400.0
3126	7319	1.0	1477612800.0
3128	4343	1.0	1512000000.0
3129	5700	1.0	1515283200.0
3130	7939	1.0	1517011200.0
3131	4341	1.0	1507334400.0
3132	4934	1.0	1508803200.0
3133	1245	1.0	1438560000.0
3134	627	1.0	1512172800.0
3135	6759	1.0	1517875200.0
3136	1822	1.0	1529280000.0
3137	813	1.0	1425427200.0
3138	6551	1.0	1503878400.0
3139	2464	1.0	1442275200.0
3140	3363	1.0	1415404800.0
3141	6076	1.0	1515369600.0
3142	7233	1.0	1484697600.0
3143	6458	1.0	1479859200.0
3144	5777	1.0	1518739200.0
3145	7531	1.0	1486684800.0
3146	3530	1.0	1514160000.0
3147	1822	1.0	1528502400.0
3148	6812	1.0	1434067200.0
3149	7248	1.0	1483574400.0
3150	6525	1.0	1493337600.0
3151	7290	1.0	1489536000.0
3152	961	1.0	1511136000.0
3153	5214	1.0	1438819200.0
3154	3975	1.0	1510790400.0
3155	1787	1.0	1485993600.0
3156	2056	1.0	1452902400.0
3157	5118	1.0	1428710400.0
3158	5693	1.0	1473379200.0
3159	1243	1.0	1481500800.0
3160	6628	1.0	1476403200.0
3161	1311	1.0	1427068800.0
3162	879	1.0	1459728000.0
3163	1285	1.0	1516838400.0
3164	4555	1.0	1504915200.0
3165	4012	1.0	1455235200.0
3166	5397	1.0	1488067200.0
3167	3589	1.0	1477267200.0
3168	2160	1.0	1479686400.0
3169	5532	1.0	1461801600.0
3170	3867	1.0	1505433600.0
3171	6695	1.0	1470700800.0
3172	4457	1.0	1523404800.0
3173	6865	1.0	1489276800.0
3174	7478	1.0	1498608000.0
3175	1601	1.0	1518220800.0
3176	2304	1.0	1520380800.0
3177	5804	1.0	1458432000.0
3178	6743	1.0	1415750400.0
3179	2151	1.0	1487462400.0
3180	5572	1.0	1487030400.0
3181	339	1.0	1506211200.0
3182	2465	1.0	1497830400.0
3183	7393	1.0	1498608000.0
3186	7904	1.0	1531008000.0
3187	1244	1.0	1452988800.0
3188	6105	1.0	1532563200.0
3189	3397	1.0	1505174400.0
3190	844	1.0	1503446400.0
3191	2180	1.0	1494979200.0
3192	4725	1.0	1524268800.0
3193	1483	1.0	1445212800.0
3195	4984	1.0	1498089600.0
3197	4973	1.0	1433548800.0
3198	1279	1.0	1491436800.0
3199	1894	1.0	1487289600.0
3200	383	1.0	1525996800.0
3201	6189	1.0	1449360000.0
3202	2875	1.0	1524528000.0
3203	1526	1.0	1439683200.0
3204	7299	1.0	1498348800.0
3205	2011	1.0	1465084800.0
3206	4158	1.0	1469145600.0
3207	7910	1.0	1514419200.0
3208	7215	1.0	1519689600.0
3209	107	1.0	1483660800.0
3210	5702	1.0	1516320000.0
3211	7299	1.0	1528761600.0
3212	2531	1.0	1527724800.0
3213	5098	1.0	1465516800.0
3214	4322	1.0	1476057600.0
3215	6487	1.0	1505520000.0
3217	297	1.0	1517529600.0
