1	5169	5.0	1468800000
2	2675	5.0	1416873600
3	3501	5.0	1476144000
4	5119	3.0	1479427200
5	2876	5.0	1418342400
6	4611	5.0	1446681600
7	2952	5.0	1432857600
8	5522	5.0	1489449600
9	1178	5.0	1485993600
10	240	4.0	1510272000
11	240	5.0	1480550400
12	803	5.0	1451433600
13	2736	5.0	1471392000
14	6142	5.0	1465948800
15	5332	5.0	1500940800
16	606	5.0	1395878400
17	165	5.0	1477526400
18	6080	5.0	1472515200
19	6502	4.0	1499731200
20	5483	5.0	1515369600
21	984	5.0	1428624000
22	4989	2.0	1524182400
23	2647	4.0	1422662400
24	5857	5.0	1491436800
25	19	4.0	1522022400
26	240	4.0	1481328000
27	987	3.0	1513296000
28	974	5.0	1476662400
30	3061	5.0	1416787200
32	5904	5.0	1485388800
33	13	5.0	1442534400
34	2675	5.0	1471305600
35	3419	5.0	1418774400
36	2940	5.0	1430784000
37	464	5.0	1451347200
38	256	5.0	1486771200
39	4066	5.0	1457308800
40	340	5.0	1453766400
41	3992	3.0	1471046400
42	1746	1.0	1450742400
43	4066	5.0	1489017600
44	5249	3.0	1467417600
45	6108	5.0	1462233600
46	42	5.0	1443139200
47	4090	3.0	1461369600
48	1251	5.0	1426464000
49	1218	5.0	1522713600
51	6346	5.0	1483747200
52	2097	5.0	1418688000
53	1584	5.0	1455148800
54	1623	5.0	1454544000
55	798	3.0	1450569600
56	202	5.0	1488326400
58	5856	5.0	1504396800
59	6522	4.0	1510704000
60	3447	4.0	1457395200
61	4582	4.0	1501027200
62	5857	5.0	1498262400
63	2447	4.0	1418601600
64	6235	5.0	1488153600
65	979	3.0	1417046400
66	6115	5.0	1489708800
67	4796	5.0	1483056000
68	262	5.0	1461196800
70	5798	3.0	1520899200
71	240	5.0	1477267200
72	455	5.0	1482969600
73	5423	5.0	1466726400
74	42	5.0	1417392000
75	201	5.0	1473206400
77	2125	5.0	1472860800
78	3985	3.0	1457308800
79	19	5.0	1501632000
80	3110	3.0	1474416000
82	1854	5.0	1488585600
83	1815	5.0	1412553600
85	1251	3.0	1498608000
86	6388	5.0	1488240000
87	3835	5.0	1476230400
88	2047	5.0	1511568000
89	977	5.0	1469059200
91	1926	5.0	1505347200
92	5286	5.0	1458432000
93	4248	5.0	1451260800
95	6137	5.0	1466726400
96	5468	5.0	1473292800
98	2721	5.0	1499990400
99	1177	5.0	1475625600
101	5856	5.0	1479340800
102	3441	5.0	1480464000
103	5303	5.0	1526169600
104	4878	5.0	1520208000
105	4989	5.0	1492992000
106	303	4.0	1488758400
107	6334	4.0	1525392000
108	1177	5.0	1459641600
109	1251	5.0	1469404800
110	4000	5.0	1437696000
111	240	5.0	1482451200
112	352	5.0	1461628800
113	67	4.0	1420761600
114	17	3.0	1518566400
115	2697	5.0	1421366400
116	5250	5.0	1490054400
118	3099	5.0	1451606400
119	4359	5.0	1482883200
120	3852	5.0	1463961600
121	2063	5.0	1461715200
122	240	5.0	1462060800
123	5763	5.0	1501286400
124	1036	3.0	1399939200
125	979	1.0	1454544000
126	977	5.0	1518566400
127	977	5.0	1451779200
128	2693	1.0	1496620800
129	42	5.0	1426550400
130	2345	3.0	1490400000
131	5539	5.0	1478044800
133	913	5.0	1498608000
134	3350	5.0	1516233600
135	5135	5.0	1487980800
137	980	3.0	1483401600
138	3353	4.0	1434672000
139	985	5.0	1455321600
140	6430	4.0	1472169600
141	1793	5.0	1501545600
142	5161	4.0	1463961600
143	5857	3.0	1516665600
144	980	2.0	1473120000
145	4467	5.0	1511049600
146	3623	5.0	1467158400
147	2440	5.0	1479427200
148	483	5.0	1410307200
149	5367	3.0	1492041600
150	4406	5.0	1461283200
151	43	5.0	1515283200
152	4711	5.0	1515283200
153	116	3.0	1503964800
154	3127	4.0	1424304000
156	5928	4.0	1486944000
157	43	5.0	1499212800
158	6092	2.0	1514246400
160	6078	5.0	1491264000
161	2000	2.0	1450396800
162	3273	4.0	1503705600
163	775	5.0	1417392000
164	6555	4.0	1494720000
167	165	3.0	1451606400
169	4658	5.0	1485129600
170	4066	5.0	1472601600
171	5856	5.0	1501977600
172	4585	5.0	1500336000
173	3465	4.0	1465776000
174	4435	5.0	1490140800
175	2715	5.0	1416355200
176	1746	5.0	1521936000
177	4910	5.0	1534636800
178	4868	5.0	1468281600
179	3654	5.0	1464134400
180	35	5.0	1466812800
182	1993	5.0	1428278400
183	150	5.0	1472428800
185	2777	5.0	1450137600
186	1815	5.0	1457136000
187	148	5.0	1480896000
188	2810	5.0	1507680000
190	6412	5.0	1501113600
191	1256	5.0	1415232000
192	3027	5.0	1441065600
193	3460	3.0	1489536000
194	5856	5.0	1473292800
195	6206	4.0	1475107200
199	985	5.0	1437868800
200	5764	5.0	1471824000
201	1854	5.0	1483401600
202	6486	4.0	1506470400
203	873	5.0	1489363200
204	525	5.0	1425945600
205	5159	4.0	1528502400
206	970	5.0	1446336000
208	977	5.0	1459728000
209	3419	5.0	1531094400
210	5933	2.0	1466294400
211	2047	5.0	1513900800
213	1234	5.0	1484697600
214	43	5.0	1420070400
216	5332	5.0	1521676800
217	3079	5.0	1422316800
218	4482	5.0	1499299200
219	5764	5.0	1528848000
220	97	5.0	1493078400
222	3610	4.0	1461024000
223	97	4.0	1470700800
224	2345	5.0	1498262400
225	4066	5.0	1504396800
226	6075	3.0	1476144000
227	5246	5.0	1475193600
228	1985	2.0	1433376000
231	605	5.0	1484697600
232	2113	5.0	1447286400
234	2418	3.0	1488240000
236	6346	5.0	1476489600
237	974	5.0	1428796800
238	19	5.0	1455494400
239	1295	5.0	1402531200
240	117	5.0	1439424000
241	984	5.0	1498348800
242	5856	4.0	1512086400
243	5557	5.0	1488931200
244	4807	5.0	1523318400
245	5309	5.0	1487635200
246	2675	5.0	1500422400
247	117	5.0	1374796800
249	977	5.0	1462752000
250	6308	2.0	1471996800
251	3278	5.0	1487548800
252	970	4.0	1445212800
253	5167	5.0	1520035200
254	713	5.0	1422316800
255	980	2.0	1485388800
256	3242	5.0	1483056000
258	3877	5.0	1478908800
259	5251	4.0	1463875200
260	3950	5.0	1467763200
261	6137	5.0	1491004800
262	448	5.0	1458345600
263	5834	4.0	1497744000
264	4066	5.0	1479340800
265	3321	1.0	1461283200
267	3595	5.0	1469145600
268	977	5.0	1376524800
269	137	5.0	1435017600
270	4944	5.0	1488758400
271	5533	5.0	1472774400
272	970	5.0	1413849600
273	42	5.0	1526428800
274	873	5.0	1480550400
275	970	5.0	1510444800
276	6008	5.0	1529020800
277	448	3.0	1464048000
278	340	4.0	1490227200
279	44	5.0	1483228800
280	3736	4.0	1501027200
282	5103	3.0	1481500800
283	5814	5.0	1500422400
284	6363	5.0	1519430400
285	2885	5.0	1510790400
286	5913	5.0	1486080000
287	3582	5.0	1498694400
288	2259	5.0	1456358400
290	1984	5.0	1416355200
291	985	5.0	1417651200
292	5786	5.0	1482278400
293	1179	5.0	1406764800
295	796	5.0	1398729600
296	984	5.0	1473033600
297	2197	3.0	1442016000
298	311	5.0	1415404800
299	6317	5.0	1471564800
300	4089	5.0	1496534400
301	1295	5.0	1441152000
302	981	5.0	1449014400
303	2345	5.0	1477872000
304	2125	3.0	1479859200
305	976	5.0	1420502400
306	1653	5.0	1481760000
307	3923	5.0	1454457600
308	6137	5.0	1498780800
309	2009	5.0	1413504000
310	984	5.0	1488240000
311	1179	5.0	1459987200
313	5267	3.0	1472515200
314	3499	5.0	1475712000
315	3359	5.0	1508112000
316	340	5.0	1470182400
317	4283	5.0	1459382400
318	5255	4.0	1470787200
319	3109	5.0	1430352000
320	3277	5.0	1482537600
321	5030	5.0	1485734400
322	480	5.0	1384905600
323	1078	4.0	1485907200
324	638	4.0	1484524800
325	44	5.0	1376956800
326	3127	5.0	1447804800
328	4089	2.0	1488499200
330	1302	4.0	1392249600
331	4281	5.0	1470268800
332	972	5.0	1484179200
333	6160	5.0	1480464000
334	43	5.0	1445040000
335	2885	5.0	1414972800
337	482	3.0	1411689600
338	6160	5.0	1517443200
339	2005	3.0	1491523200
340	5000	5.0	1482883200
341	5198	5.0	1458172800
342	2857	5.0	1477612800
343	4608	5.0	1473724800
344	448	5.0	1512604800
345	3877	5.0	1462752000
347	19	5.0	1486339200
348	5316	5.0	1493596800
349	1638	5.0	1422403200
350	171	5.0	1390953600
351	2630	5.0	1417737600
352	3380	5.0	1457136000
353	5763	5.0	1465171200
354	2345	5.0	1505692800
355	3423	5.0	1520208000
356	340	5.0	1409270400
358	1197	5.0	1434067200
360	93	4.0	1468368000
361	4811	5.0	1456099200
362	116	5.0	1439769600
364	5895	4.0	1472601600
365	5766	4.0	1517011200
366	6322	4.0	1490313600
368	4066	5.0	1500249600
369	787	5.0	1424476800
370	5758	5.0	1463961600
371	6180	5.0	1483660800
372	14	3.0	1514678400
373	3409	5.0	1446249600
374	5856	2.0	1481241600
375	1640	5.0	1486857600
376	2012	4.0	1432857600
377	1112	5.0	1416528000
378	868	3.0	1449360000
380	4609	5.0	1502150400
381	2644	3.0	1481846400
382	6268	5.0	1504656000
383	86	4.0	1479772800
384	3361	5.0	1453852800
388	1994	5.0	1416441600
389	950	5.0	1377734400
390	1528	5.0	1509840000
393	5247	5.0	1473897600
394	2310	4.0	1452038400
396	3697	5.0	1467676800
397	4066	5.0	1485907200
398	3829	5.0	1469577600
399	2370	5.0	1444262400
400	2369	2.0	1480550400
401	5453	5.0	1476576000
402	3211	5.0	1450742400
403	4630	5.0	1462838400
405	5492	4.0	1466294400
406	715	5.0	1444780800
408	3260	4.0	1430611200
409	2252	5.0	1423785600
410	1926	5.0	1407715200
411	3980	5.0	1512691200
412	5739	5.0	1504310400
413	3400	4.0	1475884800
414	2693	1.0	1470787200
415	951	3.0	1457654400
416	5964	5.0	1480550400
417	5000	3.0	1487980800
418	44	5.0	1492560000
419	44	3.0	1378857600
420	4066	5.0	1511740800
421	1298	5.0	1415491200
423	1481	5.0	1411689600
425	4215	5.0	1454112000
426	1177	5.0	1493856000
427	44	5.0	1472860800
428	3974	5.0	1457481600
431	2047	5.0	1464912000
432	719	5.0	1398384000
433	5856	5.0	1490572800
434	4053	4.0	1480723200
435	4089	5.0	1522022400
436	3908	5.0	1461024000
437	3294	4.0	1453593600
438	3944	5.0	1456876800
439	4504	5.0	1482364800
440	1852	4.0	1510012800
441	1261	5.0	1454889600
442	1032	5.0	1461283200
443	2232	4.0	1459123200
444	42	5.0	1508284800
445	334	5.0	1435104000
446	240	4.0	1475971200
447	851	4.0	1415577600
448	140	5.0	1444262400
449	1830	5.0	1432166400
450	2675	5.0	1477958400
451	873	5.0	1437091200
454	1088	5.0	1481155200
455	240	4.0	1469664000
457	5368	5.0	1493337600
458	448	5.0	1447113600
459	2113	5.0	1480204800
461	6299	5.0	1497312000
462	4553	5.0	1453939200
463	2848	5.0	1446422400
464	715	5.0	1488844800
465	985	5.0	1441670400
466	601	5.0	1450137600
467	3460	5.0	1456099200
468	4066	4.0	1494892800
469	5772	5.0	1487721600
470	3419	5.0	1501545600
471	4983	5.0	1498435200
472	1255	4.0	1484956800
473	1325	5.0	1419379200
474	488	2.0	1409788800
475	1815	5.0	1480204800
476	4066	4.0	1486684800
478	236	4.0	1480291200
479	5198	5.0	1498780800
480	5000	5.0	1475020800
481	3150	5.0	1471910400
482	1081	5.0	1436572800
483	3070	5.0	1455321600
484	3203	4.0	1483142400
485	6337	5.0	1483228800
486	97	4.0	1473811200
487	6299	5.0	1489017600
488	43	5.0	1469577600
489	2675	5.0	1424044800
490	6088	4.0	1476662400
491	870	5.0	1430611200
492	6206	3.0	1478217600
493	3786	5.0	1470009600
494	1927	5.0	1399334400
498	4447	5.0	1492732800
499	4001	5.0	1492560000
500	4524	3.0	1489968000
501	1793	5.0	1494460800
502	980	4.0	1435708800
503	117	5.0	1482278400
504	6463	5.0	1502928000
505	1274	4.0	1483747200
507	448	4.0	1426464000
508	4378	5.0	1502409600
509	985	5.0	1456099200
510	985	5.0	1503187200
511	2753	5.0	1428624000
512	44	1.0	1525996800
513	42	5.0	1442102400
514	984	5.0	1500595200
515	3249	1.0	1422576000
516	2697	5.0	1472601600
517	714	5.0	1472256000
518	3460	5.0	1455580800
519	974	5.0	1390953600
521	2675	5.0	1408752000
522	2736	5.0	1433289600
523	1815	5.0	1501632000
524	1377	5.0	1491696000
525	43	4.0	1468627200
527	340	5.0	1434499200
529	4641	2.0	1465689600
530	1183	5.0	1405123200
531	5435	5.0	1475107200
533	1709	4.0	1418256000
534	5213	5.0	1496188800
535	5264	4.0	1472169600
536	448	2.0	1484179200
537	2047	5.0	1514505600
538	4154	5.0	1454112000
539	2436	2.0	1504310400
540	980	5.0	1505606400
541	83	4.0	1491177600
542	5803	5.0	1485648000
544	127	5.0	1418083200
545	2782	1.0	1460332800
546	4932	2.0	1503446400
547	3093	5.0	1501459200
548	3955	5.0	1458000000
550	2113	4.0	1452816000
551	414	5.0	1413936000
552	6538	5.0	1479340800
553	340	5.0	1505347200
554	6510	5.0	1485993600
555	3179	5.0	1455840000
557	3988	5.0	1458086400
558	1384	4.0	1390694400
560	1218	5.0	1457395200
561	6510	4.0	1488240000
563	4527	4.0	1521590400
564	508	5.0	1356566400
565	1681	3.0	1493769600
566	5445	5.0	1500854400
567	713	5.0	1510876800
568	2717	4.0	1500595200
569	977	5.0	1412208000
570	3702	5.0	1480377600
571	103	5.0	1414713600
572	5649	5.0	1465344000
573	833	5.0	1387929600
575	42	5.0	1409011200
577	5125	1.0	1536710400
578	5429	5.0	1475625600
579	240	5.0	1521331200
580	6260	5.0	1517443200
581	973	5.0	1366243200
582	4582	5.0	1512000000
583	3697	5.0	1477094400
584	2047	5.0	1485216000
585	3593	5.0	1447804800
586	559	5.0	1520035200
587	6447	5.0	1488931200
588	1811	5.0	1436659200
589	3702	4.0	1480204800
590	2047	5.0	1477440000
592	4976	5.0	1456617600
594	2042	5.0	1401148800
596	228	5.0	1466208000
597	158	5.0	1422576000
598	4070	5.0	1463097600
599	1251	5.0	1454803200
600	385	4.0	1398470400
601	5113	1.0	1484956800
602	6123	5.0	1524096000
603	2166	5.0	1410220800
604	3109	5.0	1505347200
605	4017	4.0	1438905600
606	3126	5.0	1483142400
607	140	5.0	1442966400
608	1403	5.0	1527206400
609	2672	1.0	1477440000
610	5989	4.0	1475020800
611	4354	5.0	1458259200
613	116	3.0	1524268800
614	6024	5.0	1502928000
615	240	4.0	1480982400
616	6458	5.0	1501459200
617	5797	4.0	1463443200
618	1983	4.0	1483401600
619	5136	5.0	1515628800
620	3558	4.0	1481846400
621	3342	5.0	1445472000
622	6363	2.0	1477612800
623	2535	5.0	1456704000
624	4859	5.0	1477440000
625	1367	4.0	1395446400
626	3737	5.0	1509580800
627	172	5.0	1361404800
628	5951	5.0	1471910400
629	1905	3.0	1447891200
630	240	5.0	1500422400
633	2737	5.0	1482192000
634	4066	5.0	1506729600
635	3460	3.0	1488758400
636	4066	5.0	1492387200
638	3968	5.0	1469664000
639	2304	5.0	1449705600
640	1251	5.0	1413072000
641	2042	5.0	1438300800
642	4066	5.0	1489795200
643	4325	3.0	1460160000
644	3411	5.0	1472169600
645	545	3.0	1508716800
646	117	5.0	1500508800
647	5748	3.0	1469318400
648	4402	4.0	1492992000
649	5298	2.0	1467590400
650	59	4.0	1467849600
652	977	5.0	1432080000
653	5331	4.0	1501632000
654	5221	5.0	1468627200
655	3073	5.0	1469232000
656	5612	5.0	1475798400
657	44	5.0	1439683200
658	1251	4.0	1431734400
659	2047	5.0	1458604800
660	867	5.0	1423180800
661	43	5.0	1401753600
662	3351	5.0	1455840000
663	9	4.0	1466294400
664	97	4.0	1490313600
665	985	3.0	1449619200
666	6401	5.0	1477267200
667	2895	5.0	1454716800
668	203	1.0	1465603200
669	2345	5.0	1503187200
670	3811	5.0	1496707200
671	4090	5.0	1463529600
672	6400	5.0	1469836800
673	3249	5.0	1489276800
674	117	5.0	1379376000
675	455	5.0	1511395200
676	2125	5.0	1475280000
679	2398	5.0	1467244800
681	3954	5.0	1485907200
682	3457	4.0	1482969600
683	2195	5.0	1496188800
685	2669	5.0	1411344000
686	1447	5.0	1416182400
687	5857	5.0	1508716800
688	3235	2.0	1428364800
689	6160	5.0	1494201600
690	984	5.0	1483488000
691	117	5.0	1490659200
692	5444	3.0	1504224000
693	2890	5.0	1514246400
694	4784	5.0	1479254400
695	6383	4.0	1498348800
696	1552	5.0	1445817600
697	3250	5.0	1483142400
698	975	4.0	1468627200
700	5418	2.0	1460678400
701	3127	5.0	1487462400
702	44	5.0	1471651200
703	1300	5.0	1438128000
704	2047	5.0	1515974400
705	164	4.0	1446508800
706	839	5.0	1424649600
707	1047	3.0	1499126400
711	5843	5.0	1464912000
713	4670	5.0	1478736000
714	4432	5.0	1495843200
715	197	5.0	1489536000
716	979	5.0	1422403200
717	1746	5.0	1484697600
718	6509	4.0	1513900800
719	4960	5.0	1452643200
720	3643	5.0	1495670400
721	2691	5.0	1459382400
722	1307	4.0	1400544000
723	4295	5.0	1465776000
724	2576	5.0	1475107200
725	877	5.0	1353110400
726	1286	5.0	1485302400
727	1709	5.0	1448150400
728	1300	5.0	1423872000
729	6018	5.0	1517875200
730	2906	5.0	1441065600
731	1308	5.0	1423008000
732	3232	5.0	1425168000
733	985	1.0	1505088000
734	312	5.0	1436140800
735	2225	5.0	1419811200
736	116	3.0	1502928000
737	984	5.0	1497830400
738	240	5.0	1472169600
739	1484	5.0	1420588800
740	5696	5.0	1499731200
741	4448	5.0	1460160000
742	6435	5.0	1466899200
743	3260	5.0	1435881600
744	3877	5.0	1495411200
745	3737	5.0	1515715200
746	1286	4.0	1502236800
748	2675	4.0	1486425600
749	2489	5.0	1412208000
751	5198	5.0	1516579200
752	2125	5.0	1479168000
753	5266	5.0	1491523200
754	3567	2.0	1449100800
756	5764	2.0	1482624000
757	3220	5.0	1509235200
759	5856	5.0	1516579200
760	796	4.0	1392681600
762	5321	5.0	1504828800
764	4008	5.0	1507420800
765	713	4.0	1485216000
766	1819	5.0	1448409600
767	606	5.0	1458000000
768	984	1.0	1497139200
769	1261	4.0	1425254400
770	4969	5.0	1479340800
771	121	5.0	1413158400
773	3099	5.0	1470268800
774	2532	5.0	1529280000
775	5853	3.0	1492473600
776	2629	5.0	1427328000
777	3987	5.0	1447977600
780	4078	5.0	1484524800
781	977	5.0	1430870400
782	42	5.0	1470614400
784	627	2.0	1426464000
785	4715	5.0	1483056000
786	4983	4.0	1497398400
787	979	5.0	1392768000
788	2154	5.0	1451174400
789	4368	5.0	1502150400
790	3249	5.0	1479772800
791	5856	5.0	1478908800
792	5904	5.0	1497484800
793	5334	5.0	1503532800
794	1873	5.0	1466640000
795	5871	5.0	1499299200
796	5615	4.0	1464048000
797	4541	5.0	1472601600
798	9	5.0	1418688000
799	6361	5.0	1466812800
800	5246	4.0	1454889600
801	2675	3.0	1510185600
802	714	3.0	1464825600
803	930	4.0	1372377600
804	2001	5.0	1466726400
805	2675	5.0	1449532800
806	713	5.0	1525305600
807	5256	5.0	1475366400
808	3877	4.0	1462924800
809	4271	4.0	1470960000
811	1302	3.0	1393459200
812	2355	2.0	1444780800
813	6245	3.0	1464739200
814	5518	5.0	1521072000
816	4612	5.0	1445558400
817	1668	5.0	1452902400
818	5630	5.0	1509840000
819	6162	5.0	1488672000
820	3350	5.0	1494115200
821	44	5.0	1492128000
822	43	5.0	1378857600
824	3429	5.0	1477612800
825	3308	3.0	1482278400
826	2721	5.0	1423353600
827	685	4.0	1478995200
828	984	5.0	1520812800
829	3248	5.0	1513123200
830	2868	4.0	1446422400
832	4426	5.0	1519430400
833	3419	3.0	1452816000
834	977	4.0	1516838400
835	4932	5.0	1525824000
836	1251	3.0	1517097600
837	3795	5.0	1455667200
838	3968	5.0	1478563200
839	894	5.0	1452124800
840	794	4.0	1491091200
841	3970	5.0	1484784000
843	6057	5.0	1477267200
844	1442	4.0	1459814400
845	240	5.0	1520035200
846	1102	5.0	1470009600
847	4582	3.0	1478044800
852	3419	5.0	1409961600
853	6483	5.0	1507075200
854	240	5.0	1489536000
855	5820	2.0	1479254400
856	2226	3.0	1487462400
857	874	5.0	1426723200
858	4925	5.0	1526860800
859	240	5.0	1520899200
861	2675	5.0	1468800000
864	3775	3.0	1469318400
865	117	5.0	1488412800
866	3532	5.0	1456099200
867	985	5.0	1474416000
868	3697	5.0	1499904000
869	42	5.0	1502668800
870	2047	2.0	1416614400
871	3567	5.0	1461801600
872	2675	5.0	1481241600
873	2672	5.0	1430352000
874	5	3.0	1479081600
875	2769	5.0	1505779200
876	4546	5.0	1453680000
877	5764	4.0	1529539200
878	3428	5.0	1475539200
880	5820	5.0	1467331200
881	986	5.0	1428710400
882	5136	5.0	1523318400
883	118	5.0	1496448000
884	5857	4.0	1522972800
885	43	5.0	1485216000
886	4006	3.0	1480550400
888	448	4.0	1481846400
889	5259	5.0	1490227200
890	2771	5.0	1441670400
891	5857	5.0	1455580800
892	2675	3.0	1473984000
893	240	5.0	1503187200
894	2440	5.0	1446508800
895	3424	4.0	1437436800
896	3948	5.0	1483056000
897	6252	3.0	1496361600
898	5856	5.0	1462320000
899	3092	5.0	1461974400
900	2597	5.0	1426204800
901	2098	5.0	1480982400
902	1915	5.0	1464307200
903	6272	5.0	1512518400
904	5000	5.0	1469491200
905	4960	5.0	1453075200
906	1905	5.0	1502236800
907	117	5.0	1433203200
908	1412	5.0	1510272000
909	140	4.0	1442707200
910	874	2.0	1431993600
911	972	4.0	1457136000
912	1927	5.0	1499040000
913	254	5.0	1486166400
914	3273	5.0	1532044800
915	970	5.0	1525737600
916	1526	5.0	1427587200
918	751	1.0	1398384000
919	5013	4.0	1517443200
920	977	4.0	1382918400
921	5951	5.0	1455408000
922	4582	1.0	1514246400
923	97	4.0	1417478400
925	6299	4.0	1487721600
926	5522	5.0	1503446400
927	3274	5.0	1510012800
928	2675	5.0	1462233600
929	5915	5.0	1468540800
930	1032	5.0	1434585600
932	256	5.0	1407801600
933	4730	5.0	1482969600
934	5475	5.0	1464134400
935	4146	5.0	1449100800
936	1709	5.0	1414627200
937	457	4.0	1433721600
938	4402	3.0	1494892800
939	2680	4.0	1471651200
940	5856	5.0	1491523200
941	2125	5.0	1453680000
942	984	5.0	1500336000
944	2776	5.0	1501200000
945	435	5.0	1380067200
946	714	5.0	1457568000
948	4493	4.0	1455926400
949	5943	5.0	1477612800
950	528	5.0	1450483200
951	4434	5.0	1497052800
952	97	5.0	1484784000
953	446	4.0	1474502400
954	6182	5.0	1486684800
955	4987	5.0	1488326400
956	5518	4.0	1462406400
957	267	1.0	1505088000
960	19	3.0	1508716800
962	3400	5.0	1464825600
963	5332	3.0	1502755200
964	605	5.0	1478044800
965	920	4.0	1462406400
966	970	5.0	1458777600
967	3460	5.0	1447891200
968	19	5.0	1497484800
969	1788	4.0	1477958400
970	1927	4.0	1466467200
971	393	5.0	1485216000
972	341	5.0	1400198400
973	2504	4.0	1434672000
974	5574	5.0	1453766400
975	6513	5.0	1490918400
976	6449	5.0	1479772800
977	1819	5.0	1406160000
978	240	1.0	1485820800
979	2675	5.0	1388016000
981	1177	2.0	1488067200
982	3834	4.0	1457308800
983	43	5.0	1501027200
984	5298	3.0	1494460800
986	977	5.0	1407974400
987	2389	2.0	1493942400
988	3150	5.0	1493856000
989	4515	5.0	1471478400
990	870	5.0	1451260800
991	446	2.0	1510617600
993	4515	5.0	1449964800
994	3968	5.0	1455753600
995	448	5.0	1488153600
996	4385	5.0	1515542400
997	4298	3.0	1464739200
998	3717	5.0	1446595200
999	5606	5.0	1483747200
1001	873	5.0	1510704000
1003	803	5.0	1483920000
1004	970	5.0	1419811200
1005	4816	5.0	1445558400
1006	5742	5.0	1498521600
1007	4296	5.0	1452297600
1008	5000	5.0	1489622400
1009	4523	4.0	1461110400
1010	984	5.0	1465516800
1011	401	5.0	1469577600
1012	42	5.0	1471910400
1013	352	2.0	1484438400
1014	19	4.0	1488931200
1015	1868	5.0	1458172800
1016	4835	4.0	1462060800
1017	22	5.0	1490832000
1018	44	5.0	1491177600
1019	1618	5.0	1444089600
1020	233	5.0	1457308800
1022	1151	4.0	1454112000
1023	3789	5.0	1474243200
1024	3400	5.0	1445212800
1026	5329	4.0	1530921600
1027	2636	5.0	1427673600
1029	3970	5.0	1491609600
1030	42	4.0	1462752000
1031	6071	1.0	1531267200
1032	1855	5.0	1438300800
1033	3770	5.0	1446163200
1034	4066	3.0	1512000000
1036	2675	5.0	1425427200
1037	19	5.0	1410912000
1039	42	5.0	1439337600
1041	6064	5.0	1493078400
1042	3974	5.0	1491696000
1043	2675	4.0	1462060800
1044	1815	5.0	1432771200
1045	2311	5.0	1514160000
1046	267	4.0	1523232000
1047	1906	5.0	1428537600
1048	2418	5.0	1445212800
1049	97	5.0	1424908800
1051	44	5.0	1371686400
1052	4546	5.0	1465257600
1053	464	5.0	1486425600
1054	1309	2.0	1427673600
1055	1533	4.0	1430265600
1056	5666	5.0	1505347200
1057	352	5.0	1526688000
1058	267	3.0	1526256000
1059	1373	5.0	1447459200
1061	5326	3.0	1500336000
1062	5000	5.0	1476835200
1064	6071	4.0	1467936000
1065	3351	5.0	1497052800
1066	970	5.0	1429142400
1067	4882	5.0	1454716800
1068	5436	5.0	1467763200
1069	6510	5.0	1482278400
1070	3654	5.0	1464912000
1071	2044	5.0	1413849600
1073	3127	4.0	1492387200
1074	2816	2.0	1432684800
1075	42	5.0	1526342400
1076	150	5.0	1516752000
1077	972	5.0	1461801600
1078	1371	4.0	1465084800
1079	4388	5.0	1486684800
1080	984	5.0	1478649600
1081	3418	5.0	1461369600
1082	5724	3.0	1505952000
1083	713	5.0	1483920000
1084	5881	5.0	1468281600
1085	5617	5.0	1484524800
1086	5255	5.0	1491955200
1087	5798	3.0	1504828800
1088	5247	5.0	1501632000
1089	2672	5.0	1431561600
1090	5764	5.0	1535500800
1091	5843	5.0	1463875200
1092	5176	4.0	1457136000
1093	926	5.0	1450224000
1094	5856	5.0	1520812800
1095	985	4.0	1468800000
1096	4810	5.0	1508025600
1097	2319	5.0	1441065600
1098	1251	4.0	1509235200
1099	474	5.0	1468281600
1100	1073	4.0	1496102400
1102	4776	3.0	1461542400
1103	1815	5.0	1446508800
1104	340	5.0	1438300800
1107	946	5.0	1482278400
1108	438	4.0	1483920000
1109	2723	5.0	1491523200
1110	1240	5.0	1403481600
1111	240	5.0	1519689600
1112	5161	2.0	1461110400
1113	525	5.0	1449187200
1114	5951	5.0	1505433600
1115	3166	5.0	1428624000
1118	985	5.0	1486252800
1120	43	5.0	1421798400
1121	5174	4.0	1475452800
1123	741	4.0	1510963200
1124	1113	5.0	1386979200
1125	67	1.0	1444953600
1127	4816	4.0	1455753600
1128	3274	5.0	1501632000
1129	1304	5.0	1420848000
1130	42	5.0	1470528000
1131	590	5.0	1454371200
1132	284	5.0	1407196800
1133	5856	5.0	1453939200
1134	240	5.0	1486252800
1135	4873	5.0	1456444800
1136	421	5.0	1458432000
1137	985	5.0	1505001600
1138	1687	5.0	1508716800
1139	4582	3.0	1521849600
1140	5857	5.0	1474416000
1141	2866	5.0	1460419200
1142	976	4.0	1442534400
1143	1616	4.0	1431302400
1144	117	5.0	1467072000
1146	411	5.0	1498435200
1147	5902	5.0	1466726400
1148	4525	5.0	1470700800
1149	5856	4.0	1474761600
1150	2582	5.0	1432166400
1151	4658	1.0	1486944000
1153	117	5.0	1383091200
1154	5221	5.0	1478563200
1155	6299	5.0	1496534400
1157	3751	3.0	1481155200
1158	2735	5.0	1481932800
1159	3988	4.0	1510617600
1160	759	5.0	1416182400
1161	83	5.0	1497484800
1162	5857	4.0	1510790400
1163	979	4.0	1414108800
1164	3419	1.0	1463875200
1165	1476	5.0	1411948800
1167	4089	4.0	1500336000
1168	2345	5.0	1484524800
1169	977	3.0	1488672000
1170	42	5.0	1526860800
1171	293	5.0	1519948800
1173	3429	5.0	1434499200
1174	3842	3.0	1461024000
1175	977	5.0	1514505600
1176	6018	3.0	1494892800
1177	5664	5.0	1497830400
1178	6054	5.0	1463529600
1179	386	5.0	1430697600
1180	105	5.0	1479168000
1181	977	5.0	1525046400
1182	3782	5.0	1452816000
1183	42	5.0	1507161600
1184	414	5.0	1427414400
1186	2673	5.0	1532995200
1187	6419	5.0	1457395200
1188	1873	5.0	1531267200
1189	2047	5.0	1477267200
1190	5764	4.0	1486512000
1191	5856	5.0	1492387200
1193	42	5.0	1436745600
1194	1188	5.0	1493856000
1195	2311	5.0	1529452800
1196	3430	5.0	1461024000
1197	340	5.0	1412899200
1198	4781	4.0	1468195200
1199	2030	5.0	1497312000
1200	240	5.0	1476230400
1201	2141	1.0	1464393600
1202	1178	4.0	1515196800
1204	517	4.0	1459728000
1205	474	5.0	1470614400
1206	4177	4.0	1454025600
1208	1179	5.0	1393372800
1209	715	2.0	1389139200
1210	1082	3.0	1496361600
1211	5928	4.0	1490659200
1212	42	5.0	1372982400
1214	5368	4.0	1464825600
1215	5672	5.0	1480291200
1217	2672	5.0	1459382400
1218	2633	5.0	1437868800
1219	6322	2.0	1481587200
1220	1372	5.0	1476230400
1221	2001	5.0	1483920000
1222	3737	5.0	1490745600
1224	2675	5.0	1510444800
1225	478	5.0	1489363200
1226	977	4.0	1419638400
1227	977	5.0	1464048000
1228	4487	4.0	1477440000
1229	6135	4.0	1491523200
1230	2547	5.0	1420329600
1231	3623	3.0	1469923200
1233	2675	5.0	1497571200
1234	5894	3.0	1526947200
1235	5256	3.0	1469232000
1236	5682	5.0	1461715200
1237	2663	5.0	1420848000
1238	2630	5.0	1496016000
1239	4085	4.0	1516406400
1242	974	4.0	1497398400
1243	984	5.0	1511308800
1244	626	5.0	1493164800
1245	262	5.0	1464566400
1246	3203	5.0	1492992000
1248	5759	4.0	1497225600
1249	3965	3.0	1506384000
1250	803	5.0	1399593600
1251	3473	5.0	1469491200
1252	4873	5.0	1480550400
1253	240	4.0	1455840000
1254	4608	5.0	1447286400
1255	44	5.0	1390176000
1256	4388	3.0	1473724800
1257	3949	5.0	1517788800
1258	4066	1.0	1480982400
1259	2125	5.0	1444435200
1261	5509	5.0	1485820800
1262	43	5.0	1371600000
1263	3737	5.0	1509926400
1264	1087	5.0	1413763200
1265	4167	1.0	1489190400
1266	2622	5.0	1429228800
1267	116	1.0	1466726400
1268	6263	5.0	1473206400
1269	757	1.0	1403568000
1270	3419	4.0	1452124800
1271	6206	5.0	1479168000
1272	448	5.0	1423612800
1273	1300	5.0	1404604800
1274	5367	5.0	1496448000
1275	5891	5.0	1462838400
1277	3211	5.0	1441843200
1278	5	4.0	1481068800
1279	1653	5.0	1514678400
1280	2895	3.0	1465516800
1283	973	5.0	1484092800
1284	5175	5.0	1461542400
1285	5198	5.0	1477612800
1286	2546	5.0	1447286400
1287	3125	4.0	1431561600
1288	3737	4.0	1488240000
1289	6499	3.0	1491782400
1290	321	5.0	1427932800
1291	6123	5.0	1479686400
1292	1893	4.0	1415577600
1293	116	5.0	1442361600
1294	3867	5.0	1512000000
1295	713	5.0	1461801600
1296	448	5.0	1445990400
1297	985	4.0	1474329600
1298	2195	5.0	1431302400
1299	6043	5.0	1463875200
1300	5213	4.0	1468540800
1302	1470	4.0	1394668800
1303	3697	5.0	1466467200
1306	1927	5.0	1470182400
1307	2674	5.0	1427068800
1308	5337	3.0	1484784000
1309	5426	5.0	1496102400
1310	14	4.0	1418860800
1312	714	2.0	1447113600
1313	53	5.0	1460937600
1314	4195	5.0	1489536000
1315	1461	5.0	1423180800
1317	3950	5.0	1470700800
1318	2336	5.0	1446595200
1319	4365	4.0	1458259200
1320	974	5.0	1454976000
1321	43	5.0	1510272000
1322	1293	4.0	1468195200
1323	1177	5.0	1413590400
1324	229	5.0	1454025600
1325	984	5.0	1489104000
1326	4083	4.0	1483488000
1327	5136	4.0	1509321600
1328	3875	1.0	1493769600
1329	6096	5.0	1455667200
1330	2047	5.0	1474416000
1331	5213	5.0	1521504000
1332	1538	3.0	1382140800
1333	3033	5.0	1486598400
1334	448	3.0	1387152000
1335	5374	5.0	1505433600
1336	6513	5.0	1496966400
1337	116	4.0	1526515200
1338	987	4.0	1479254400
1340	2767	5.0	1437955200
1341	1129	4.0	1442620800
1342	3236	5.0	1454371200
1344	685	4.0	1470441600
1345	3321	5.0	1524441600
1347	4066	4.0	1492300800
1348	5751	5.0	1478995200
1349	3610	2.0	1498089600
1350	2629	4.0	1439683200
1351	77	4.0	1475798400
1352	1012	4.0	1426809600
1353	2638	3.0	1428278400
1354	4952	2.0	1504396800
1355	43	4.0	1484611200
1356	5951	5.0	1477612800
1357	1993	5.0	1416268800
1358	352	3.0	1432080000
1359	2259	4.0	1514332800
1360	2218	3.0	1509321600
1361	97	5.0	1412899200
1362	4865	5.0	1478995200
1363	3755	5.0	1461283200
1364	6334	5.0	1491350400
1365	5538	5.0	1473638400
1366	630	3.0	1464134400
1367	4076	5.0	1408060800
1368	985	5.0	1483833600
1369	5929	5.0	1518307200
1373	94	4.0	1431388800
1375	5856	3.0	1511654400
1376	3709	5.0	1436400000
1378	246	5.0	1410739200
1379	97	1.0	1445385600
1380	4132	2.0	1460937600
1381	293	5.0	1507593600
1382	3384	5.0	1464912000
1383	1182	5.0	1430438400
1384	240	5.0	1471305600
1385	890	5.0	1435795200
1386	163	5.0	1479168000
1387	1927	4.0	1521590400
1389	1926	2.0	1495929600
1390	4328	1.0	1468454400
1391	1794	5.0	1487289600
1392	1654	3.0	1485129600
1393	1149	4.0	1368748800
1394	5292	5.0	1493683200
1395	2345	5.0	1508544000
1396	1926	5.0	1428192000
1398	2047	4.0	1462665600
1399	5374	5.0	1499040000
1400	1819	5.0	1451779200
1401	5250	5.0	1469923200
1402	1793	5.0	1491523200
1405	255	5.0	1517529600
1406	2345	5.0	1491782400
1407	1815	5.0	1428883200
1408	44	5.0	1523923200
1409	3409	5.0	1456704000
1411	42	5.0	1404518400
1412	1972	5.0	1445040000
1413	5705	5.0	1458432000
1414	5487	5.0	1468972800
1416	3080	1.0	1496275200
1417	875	5.0	1389225600
1418	672	4.0	1465689600
1419	5856	5.0	1480204800
1420	2605	5.0	1467331200
1421	1815	5.0	1502323200
1422	3150	4.0	1504656000
1423	4320	5.0	1511049600
1424	3768	5.0	1459900800
1425	3419	5.0	1451001600
1426	6206	5.0	1488758400
1427	5272	5.0	1478995200
1428	1106	4.0	1463529600
1429	2815	4.0	1486339200
1430	970	3.0	1469577600
1431	4391	5.0	1507420800
1432	255	5.0	1399075200
1433	3279	5.0	1528243200
1434	4493	5.0	1495756800
1435	2535	5.0	1503878400
1436	5303	5.0	1480636800
1439	4609	5.0	1479427200
1441	449	2.0	1405468800
1442	1367	1.0	1460937600
1443	3419	5.0	1446336000
1444	2440	5.0	1457568000
1445	21	4.0	1432598400
1446	5367	5.0	1475539200
1447	43	5.0	1495584000
1448	4108	4.0	1458864000
1449	2675	3.0	1407196800
1450	1260	3.0	1384300800
1451	240	5.0	1473897600
1452	3419	5.0	1456876800
1453	982	5.0	1474588800
1454	4066	4.0	1524355200
1455	1025	5.0	1389139200
1457	985	5.0	1464825600
1458	6521	5.0	1526515200
1459	6334	5.0	1533427200
1460	1552	5.0	1415318400
1461	1746	5.0	1491609600
1462	2744	5.0	1470182400
1463	117	5.0	1415232000
1464	6508	4.0	1476057600
1465	1762	5.0	1457395200
1466	1177	5.0	1499040000
1468	5913	5.0	1472428800
1469	441	5.0	1480118400
1470	624	4.0	1499817600
1471	1158	5.0	1465257600
1472	6425	5.0	1478044800
1473	6333	4.0	1496620800
1474	1553	5.0	1413331200
1475	2007	5.0	1486339200
1477	256	3.0	1422316800
1479	42	5.0	1377907200
1480	246	5.0	1449705600
1481	4579	5.0	1471478400
1483	970	4.0	1449964800
1484	3102	5.0	1491868800
1485	754	4.0	1513641600
1486	4914	5.0	1514678400
1487	3099	5.0	1488585600
1488	3225	5.0	1445299200
1489	340	5.0	1443398400
1490	151	4.0	1478476800
1491	2220	4.0	1471478400
1493	140	5.0	1425859200
1494	559	4.0	1404345600
1495	5928	5.0	1515369600
1496	6011	5.0	1476748800
1497	646	5.0	1508457600
1498	1057	4.0	1459036800
1499	2304	5.0	1474934400
1500	6281	5.0	1524614400
1503	19	4.0	1495497600
1504	984	5.0	1526256000
1505	6486	3.0	1469491200
1506	4281	5.0	1505520000
1508	1012	5.0	1397174400
1509	759	5.0	1475625600
1510	5	4.0	1444867200
1511	3330	3.0	1471478400
1512	3177	5.0	1530489600
1513	1036	5.0	1468800000
1514	2348	5.0	1417392000
1516	1354	5.0	1484524800
1517	3138	5.0	1442966400
1518	117	5.0	1501632000
1519	5853	5.0	1508630400
1520	5856	5.0	1535846400
1521	117	5.0	1492819200
1522	117	5.0	1470182400
1523	6510	5.0	1481414400
1524	168	5.0	1385337600
1525	2964	5.0	1467849600
1526	4040	3.0	1478131200
1527	6425	4.0	1491091200
1528	2224	5.0	1451174400
1530	671	4.0	1446681600
1531	1367	2.0	1480723200
1532	4583	5.0	1507248000
1534	1926	5.0	1412553600
1535	240	4.0	1510444800
1536	5429	5.0	1469232000
1537	3636	5.0	1488240000
1538	1709	5.0	1437004800
1539	3786	5.0	1467936000
1540	4927	3.0	1477699200
1541	3950	5.0	1463097600
1542	1452	4.0	1394150400
1544	5182	5.0	1489276800
1545	1815	5.0	1423008000
1546	975	5.0	1522195200
1547	1873	5.0	1468800000
1548	14	5.0	1474848000
1549	3250	3.0	1486771200
1550	43	5.0	1432684800
1551	97	5.0	1454457600
1552	4524	5.0	1463097600
1553	1854	5.0	1459900800
1554	83	4.0	1417651200
1555	5856	5.0	1487721600
1556	293	5.0	1404259200
1557	458	4.0	1412726400
1558	1671	3.0	1427587200
1559	4295	5.0	1498435200
1560	4608	5.0	1455753600
1561	117	5.0	1525824000
1562	229	5.0	1526169600
1563	4078	5.0	1423180800
1564	340	4.0	1522540800
1565	4078	4.0	1418083200
1566	4032	5.0	1461024000
1567	19	5.0	1413936000
1568	1218	1.0	1433203200
1569	984	4.0	1458432000
1570	3597	5.0	1469577600
1571	873	4.0	1449360000
1572	985	5.0	1520640000
1573	1996	5.0	1433289600
1574	6455	4.0	1498521600
1575	5522	4.0	1488153600
1576	1442	5.0	1483747200
1577	5246	5.0	1475625600
1578	2104	4.0	1415145600
1579	5367	5.0	1470096000
1581	6502	5.0	1509148800
1582	352	5.0	1440374400
1583	467	5.0	1451260800
1584	985	5.0	1418083200
1585	140	5.0	1419724800
1586	1711	5.0	1428969600
1587	5856	5.0	1490140800
1588	44	5.0	1369699200
1589	979	5.0	1404950400
1590	985	5.0	1471392000
1591	5135	5.0	1475625600
1592	3923	5.0	1484956800
1593	79	5.0	1431648000
1594	5839	2.0	1461283200
1595	5857	3.0	1492128000
1596	3968	5.0	1455926400
1597	794	5.0	1419811200
1598	3922	5.0	1492128000
1600	977	4.0	1405641600
1601	1402	5.0	1459555200
1602	4304	5.0	1506556800
1603	687	4.0	1495929600
1604	341	4.0	1435449600
1605	1793	5.0	1507680000
1606	6311	3.0	1486080000
1607	5346	5.0	1483660800
1608	4794	5.0	1522972800
1609	5936	4.0	1473033600
1612	3419	5.0	1410912000
1613	448	5.0	1518480000
1614	1251	2.0	1424563200
1615	1572	5.0	1509235200
1616	578	5.0	1410480000
1617	1306	3.0	1389571200
1618	240	5.0	1510963200
1620	985	3.0	1494201600
1621	3428	5.0	1436140800
1623	3500	5.0	1453852800
1624	2655	5.0	1499126400
1625	4969	5.0	1457827200
1626	116	5.0	1464048000
1628	4446	4.0	1452816000
1629	3578	1.0	1489968000
1630	340	5.0	1478908800
1631	4582	5.0	1463356800
1632	117	5.0	1524355200
1633	5036	5.0	1467331200
1634	970	5.0	1513296000
1635	5856	3.0	1516147200
1636	1081	3.0	1391040000
1637	873	5.0	1448236800
1638	4066	5.0	1510358400
1639	474	4.0	1498780800
1640	4585	1.0	1526083200
1641	467	5.0	1453939200
1643	4066	4.0	1464825600
1646	2675	4.0	1478476800
1647	2673	5.0	1439769600
1648	5777	5.0	1494288000
1649	364	5.0	1498348800
1650	240	5.0	1488844800
1651	4960	4.0	1446595200
1653	44	5.0	1499990400
1654	211	5.0	1386720000
1655	4021	5.0	1488499200
1656	974	5.0	1467676800
1657	974	5.0	1504828800
1658	6158	5.0	1479168000
1661	6096	5.0	1498867200
1662	117	5.0	1501632000
1663	1182	5.0	1415923200
1665	3694	5.0	1447113600
1666	5220	5.0	1478304000
1667	5923	4.0	1492387200
1668	6548	5.0	1484611200
1669	970	5.0	1465257600
1671	584	5.0	1410912000
1672	2982	5.0	1434067200
1673	4743	5.0	1511654400
1674	4121	4.0	1496361600
1675	4066	4.0	1491350400
1676	426	5.0	1479945600
1677	392	5.0	1412812800
1678	1263	5.0	1446508800
1679	3179	5.0	1479427200
1680	3110	2.0	1434672000
1681	1815	5.0	1508371200
1682	3789	3.0	1461456000
1683	19	3.0	1445212800
1685	3927	1.0	1483920000
1686	5249	5.0	1510876800
1687	977	5.0	1410652800
1688	43	5.0	1485216000
1689	923	5.0	1468886400
1690	1508	4.0	1438819200
1691	3401	5.0	1482019200
1692	1153	5.0	1462665600
1693	4658	3.0	1515024000
1694	5445	4.0	1515888000
1695	4788	5.0	1481414400
1696	410	5.0	1337644800
1697	772	5.0	1359504000
1698	4658	5.0	1530662400
1699	3835	5.0	1454630400
1700	977	3.0	1518220800
1701	6153	5.0	1489536000
1703	19	4.0	1467244800
1704	3578	5.0	1484611200
1705	4525	5.0	1482883200
1706	3273	5.0	1464566400
1707	2607	5.0	1464912000
1708	3432	5.0	1478736000
1709	3322	5.0	1430438400
1710	228	5.0	1425168000
1711	4161	5.0	1502150400
1712	2385	4.0	1507420800
1713	3273	5.0	1531008000
1714	411	5.0	1439164800
1715	1278	4.0	1508198400
1717	3597	5.0	1502928000
1718	93	5.0	1424908800
1719	715	3.0	1410220800
1721	5035	5.0	1480377600
1722	984	5.0	1491868800
1723	5523	5.0	1461888000
1724	5358	5.0	1473984000
1726	4953	4.0	1459728000
1727	4066	4.0	1476835200
1729	240	5.0	1476748800
1730	2753	5.0	1429488000
1731	2673	5.0	1491436800
1732	43	5.0	1453161600
1733	2671	5.0	1433548800
1734	2125	5.0	1474761600
1735	447	5.0	1528329600
1736	5856	5.0	1493164800
1737	44	5.0	1500163200
1738	5492	5.0	1462147200
1739	2848	5.0	1470009600
1740	984	4.0	1454630400
1741	3277	5.0	1474761600
1742	68	5.0	1390867200
1743	4066	2.0	1495065600
1744	3283	5.0	1444176000
1745	4873	5.0	1505952000
1746	1442	5.0	1523750400
1747	3224	5.0	1465603200
1748	979	5.0	1475539200
1749	6509	5.0	1505347200
1750	6034	5.0	1512864000
1751	3624	5.0	1471392000
1752	4008	5.0	1457049600
1753	3737	3.0	1479168000
1754	5640	5.0	1512518400
1757	4644	1.0	1533340800
1759	1036	5.0	1436918400
1760	3419	5.0	1475193600
1761	977	2.0	1495238400
1763	117	5.0	1405382400
1764	6281	5.0	1489536000
1765	255	5.0	1474156800
1766	3278	4.0	1476576000
1767	3099	5.0	1459296000
1768	19	5.0	1501718400
1769	6525	2.0	1475884800
1770	522	5.0	1376006400
1771	2669	5.0	1501113600
1772	2853	5.0	1485302400
1773	759	5.0	1431388800
1774	2310	4.0	1516320000
1775	41	5.0	1412380800
1776	1012	5.0	1489276800
1778	1546	5.0	1425254400
1779	3282	5.0	1445558400
1780	140	4.0	1523232000
1781	5972	4.0	1483056000
1782	3821	5.0	1466208000
1784	4582	1.0	1495843200
1785	4606	5.0	1520726400
1786	977	5.0	1405987200
1787	97	5.0	1451692800
1790	3153	5.0	1499990400
1791	3790	5.0	1449014400
1792	2576	4.0	1487808000
1793	2485	5.0	1416441600
1794	596	2.0	1455235200
1795	2675	5.0	1498694400
1796	42	5.0	1499212800
1798	43	5.0	1475625600
1799	5518	5.0	1461024000
1800	985	5.0	1477094400
1801	1300	5.0	1367539200
1802	448	5.0	1452384000
1803	2482	5.0	1418083200
1806	5814	5.0	1512864000
1807	1412	5.0	1424995200
1808	5246	4.0	1473552000
1809	984	5.0	1402272000
1810	1673	5.0	1419292800
1811	5856	5.0	1439769600
1812	1463	5.0	1471737600
1813	4066	5.0	1518998400
1814	605	5.0	1440115200
1815	5910	2.0	1526342400
1816	3321	5.0	1491004800
1817	6520	5.0	1480032000
1818	3968	5.0	1487635200
1820	4873	5.0	1503360000
1822	42	5.0	1417996800
1823	984	5.0	1446249600
1824	3774	5.0	1472860800
1825	3400	5.0	1462492800
1826	973	5.0	1419465600
1827	5337	5.0	1530748800
1828	340	5.0	1465171200
1830	4964	3.0	1487894400
1831	5492	5.0	1472515200
1832	1927	5.0	1492646400
1834	5213	5.0	1504828800
1835	2345	5.0	1465948800
1836	6303	5.0	1464825600
1837	5894	5.0	1506124800
1838	5321	5.0	1493078400
1839	2675	5.0	1445817600
1840	5894	5.0	1499644800
1842	4156	4.0	1461024000
1843	5117	3.0	1514937600
1844	6510	5.0	1491264000
1845	455	5.0	1527292800
1846	4609	3.0	1527811200
1847	5428	5.0	1463184000
1848	240	5.0	1508630400
1849	44	5.0	1492041600
1850	5856	5.0	1475193600
1851	5992	5.0	1489968000
1852	5452	4.0	1474934400
1853	984	5.0	1502841600
1854	5376	4.0	1464048000
1855	4184	5.0	1438041600
1856	240	4.0	1469318400
1857	5766	5.0	1483488000
1858	680	5.0	1478131200
1859	3328	4.0	1445731200
1860	6339	5.0	1477353600
1861	5034	4.0	1488153600
1862	6213	5.0	1484438400
1863	6401	5.0	1466467200
1864	4747	5.0	1472860800
1865	4245	5.0	1467763200
1866	3354	4.0	1465084800
1867	4580	5.0	1502323200
1868	2055	5.0	1420848000
1869	1207	3.0	1395360000
1870	980	3.0	1446508800
1871	5152	5.0	1481932800
1872	2008	5.0	1420848000
1873	4066	5.0	1494892800
1874	5248	5.0	1477526400
1875	4467	5.0	1472169600
1877	6189	5.0	1490572800
1879	1118	5.0	1435017600
1880	324	1.0	1447113600
1881	4667	4.0	1529971200
1882	352	3.0	1481241600
1883	4868	5.0	1471996800
1884	116	5.0	1432684800
1885	5856	5.0	1466208000
1886	240	5.0	1486857600
1887	2461	5.0	1515196800
1888	2675	5.0	1454112000
1889	1633	5.0	1402963200
1890	4797	1.0	1512950400
1891	985	3.0	1359417600
1892	977	5.0	1505606400
1894	5272	5.0	1480636800
1895	4898	5.0	1513641600
1896	984	5.0	1416268800
1897	1101	5.0	1435276800
1898	5991	5.0	1468368000
1899	3421	5.0	1442534400
1900	5367	5.0	1468972800
1901	43	5.0	1383350400
1902	5013	3.0	1509580800
1903	922	5.0	1434153600
1904	984	5.0	1514332800
1905	5715	5.0	1523059200
1906	5477	2.0	1503187200
1907	713	5.0	1509494400
1908	984	5.0	1479168000
1909	3538	4.0	1435104000
1910	3563	5.0	1442275200
1911	4583	4.0	1508112000
1913	492	4.0	1514592000
1914	4320	5.0	1497312000
1915	3061	5.0	1440115200
1916	715	5.0	1490140800
1917	352	5.0	1509062400
1918	3938	1.0	1476316800
1919	2775	3.0	1483747200
1920	352	5.0	1490918400
1921	255	5.0	1524096000
1922	240	5.0	1472688000
1923	2675	5.0	1490140800
1924	1670	5.0	1454284800
1925	3288	5.0	1441584000
1926	859	5.0	1419811200
1927	135	5.0	1471219200
1928	21	5.0	1429142400
1929	5607	5.0	1470787200
1930	42	4.0	1454889600
1931	256	3.0	1479254400
1932	83	5.0	1515542400
1933	985	2.0	1491782400
1934	4584	5.0	1449446400
1935	6260	4.0	1479600000
1937	5824	5.0	1509235200
1938	769	5.0	1448064000
1941	4816	5.0	1495756800
1942	1968	5.0	1434067200
1943	713	5.0	1490313600
1945	36	5.0	1385510400
1946	1233	4.0	1442448000
1947	3109	5.0	1435017600
1949	2010	5.0	1414713600
1950	1097	5.0	1385337600
1951	784	4.0	1392163200
1952	985	5.0	1490572800
1953	6080	5.0	1493251200
1954	2673	5.0	1498867200
1955	269	3.0	1414540800
1956	240	5.0	1507593600
1958	1344	3.0	1408492800
1959	985	3.0	1424736000
1960	2895	5.0	1475366400
1961	608	5.0	1440979200
1962	3573	5.0	1473638400
1963	1993	5.0	1418688000
1964	5643	5.0	1500336000
1965	4077	3.0	1486684800
1966	984	5.0	1404950400
1967	5983	2.0	1473984000
1969	2637	4.0	1463616000
1970	4631	5.0	1512604800
1971	5783	5.0	1462752000
1972	2799	5.0	1446595200
1973	448	5.0	1455926400
1974	4784	5.0	1476230400
1975	719	4.0	1456358400
1977	149	5.0	1339977600
1978	4419	5.0	1462320000
1979	1251	5.0	1516665600
1980	3968	5.0	1458259200
1981	985	5.0	1481932800
1982	3401	5.0	1486425600
1984	4927	5.0	1477094400
1985	4568	5.0	1460419200
1986	5721	5.0	1490745600
1987	1926	1.0	1459209600
1989	4414	5.0	1498953600
1990	970	4.0	1494892800
1991	240	5.0	1498089600
1992	2375	5.0	1441670400
1993	5463	5.0	1478304000
1995	5363	5.0	1477958400
1996	3866	5.0	1529107200
1997	240	5.0	1501891200
1998	1528	4.0	1446336000
1999	714	5.0	1482451200
2001	5113	4.0	1475539200
2002	1443	4.0	1474329600
2003	6509	5.0	1511481600
2004	890	4.0	1484784000
2005	14	5.0	1507075200
2006	3102	5.0	1453161600
2007	2796	4.0	1470096000
2008	4286	4.0	1470355200
2009	2479	5.0	1420934400
2010	1251	5.0	1416096000
2011	3516	2.0	1480982400
2012	4293	5.0	1493251200
2013	478	4.0	1412208000
2014	448	5.0	1486339200
2017	972	4.0	1399507200
2018	2542	4.0	1437868800
2019	3219	5.0	1479340800
2020	970	5.0	1460851200
2021	4066	5.0	1515542400
2022	3737	5.0	1483574400
2023	5007	5.0	1465084800
2025	4066	4.0	1516924800
2026	5898	5.0	1469836800
2027	2675	5.0	1412121600
2028	5764	5.0	1480550400
2029	256	3.0	1477612800
2030	117	4.0	1443484800
2032	3030	5.0	1443571200
2034	3513	5.0	1469491200
2035	1557	5.0	1395187200
2037	2675	5.0	1503014400
2038	1167	5.0	1406851200
2039	42	5.0	1501459200
2040	6141	5.0	1510358400
2041	1131	1.0	1364947200
2042	240	4.0	1434931200
2043	5856	5.0	1492819200
2044	44	5.0	1423180800
2045	597	4.0	1521331200
2046	977	5.0	1416787200
2047	709	5.0	1492560000
2048	4560	5.0	1476748800
2049	6328	5.0	1532131200
2050	2047	5.0	1514851200
2052	448	5.0	1447027200
2054	5247	5.0	1487116800
2055	3875	3.0	1464566400
2056	2895	5.0	1421020800
2057	42	4.0	1497657600
2058	3949	5.0	1518825600
2059	140	4.0	1484697600
2060	3321	5.0	1499385600
2061	5581	5.0	1510185600
2062	1255	5.0	1492214400
2063	340	5.0	1413417600
2064	3350	5.0	1506816000
2065	4910	5.0	1513036800
2066	2084	4.0	1406160000
2067	662	5.0	1524441600
2068	117	5.0	1476144000
2069	4531	4.0	1486684800
2071	4844	5.0	1463961600
2072	2479	5.0	1417996800
2073	314	5.0	1502323200
2074	5367	5.0	1474502400
2075	270	5.0	1510704000
2076	4173	3.0	1481673600
2077	4053	5.0	1519516800
2078	977	5.0	1484438400
2079	1550	3.0	1457827200
2080	4493	3.0	1479081600
2081	5791	5.0	1500336000
2082	985	5.0	1444348800
2083	340	5.0	1438214400
2084	1548	4.0	1461628800
2085	67	4.0	1396224000
2086	340	5.0	1459555200
2087	5972	5.0	1479081600
2088	2081	5.0	1446508800
2089	1938	5.0	1477094400
2090	4066	5.0	1456012800
2091	6552	5.0	1480464000
2092	1986	5.0	1440028800
2094	3877	4.0	1466467200
2095	2226	5.0	1433635200
2096	5276	5.0	1483488000
2097	4066	4.0	1482969600
2100	5337	2.0	1493510400
2102	6140	5.0	1469491200
2103	5880	5.0	1515369600
2104	4732	5.0	1455408000
2105	6291	5.0	1498780800
2106	607	5.0	1450915200
2107	5058	5.0	1465084800
2108	1131	5.0	1426636800
2109	240	5.0	1473638400
2110	5856	3.0	1471219200
2111	117	5.0	1468627200
2112	3359	5.0	1481587200
2113	6431	5.0	1502841600
2114	3737	5.0	1515715200
2115	3686	4.0	1450051200
2116	1887	5.0	1422403200
2117	984	5.0	1432857600
2118	4066	5.0	1459814400
2119	5856	3.0	1482883200
2121	984	5.0	1480550400
2122	5519	5.0	1467590400
2123	813	5.0	1483660800
2124	5020	4.0	1465257600
2125	42	5.0	1470096000
2126	384	5.0	1515542400
2127	4238	5.0	1492387200
2129	977	4.0	1423958400
2130	19	2.0	1453766400
2131	3737	2.0	1454198400
2132	1078	5.0	1484006400
2133	4387	5.0	1488931200
2134	4568	5.0	1467763200
2135	595	5.0	1443744000
2136	2824	4.0	1433980800
2137	873	5.0	1478736000
2138	97	3.0	1374537600
2140	2754	4.0	1448236800
2141	340	5.0	1421193600
2142	5282	5.0	1468627200
2143	977	4.0	1391472000
2144	4524	5.0	1466726400
2145	4305	5.0	1448236800
2146	150	5.0	1448496000
2147	240	5.0	1509926400
2148	4283	5.0	1505952000
2149	42	5.0	1436140800
2150	42	5.0	1368230400
2151	977	3.0	1518912000
2152	293	3.0	1522281600
2155	714	2.0	1492387200
2156	2047	5.0	1520208000
2157	116	2.0	1485561600
2158	6160	5.0	1483142400
2160	3419	4.0	1468368000
2164	986	5.0	1506297600
2166	3369	5.0	1433289600
2167	3321	5.0	1482969600
2168	295	5.0	1446508800
2169	4592	3.0	1472256000
2170	4610	5.0	1499817600
2171	3424	5.0	1438214400
2172	1277	4.0	1442016000
2173	3488	5.0	1499385600
2174	769	4.0	1355011200
2175	1960	4.0	1407801600
2176	1128	4.0	1482969600
2177	393	3.0	1489276800
2178	3602	5.0	1476835200
2179	2012	5.0	1477267200
2181	5764	5.0	1475712000
2183	2390	5.0	1498694400
2184	977	5.0	1399766400
2185	3290	5.0	1480377600
2186	5284	4.0	1501891200
2187	2845	5.0	1430697600
2188	3622	5.0	1511222400
2189	977	5.0	1480291200
2191	4032	5.0	1472688000
2192	309	5.0	1528243200
2193	2774	1.0	1429315200
2194	4364	5.0	1464480000
2195	4248	5.0	1445558400
2197	5856	3.0	1505692800
2198	1693	5.0	1410220800
2200	6507	5.0	1478822400
2201	713	5.0	1412640000
2203	5049	4.0	1516924800
2204	5074	4.0	1482192000
2205	4026	5.0	1507593600
2206	6000	5.0	1505347200
2207	6163	4.0	1464134400
2208	713	3.0	1478563200
2209	985	5.0	1472169600
2210	985	5.0	1438128000
2211	984	5.0	1521158400
2212	4053	4.0	1510099200
2213	4402	5.0	1480550400
2214	2964	5.0	1463616000
2216	4006	5.0	1520726400
2217	2575	4.0	1438646400
2218	5311	3.0	1494806400
2219	255	5.0	1471392000
2220	3697	5.0	1487808000
2221	5043	5.0	1481241600
2223	6319	3.0	1502323200
2224	873	5.0	1418774400
2225	4560	5.0	1461888000
2226	97	5.0	1414108800
2227	2985	5.0	1488326400
2228	1793	5.0	1449792000
2229	5842	5.0	1476835200
2230	1261	5.0	1483833600
2231	4066	2.0	1490832000
2233	713	5.0	1524009600
2234	2047	5.0	1486425600
2235	6425	5.0	1503792000
2237	5534	5.0	1484784000
2238	2400	5.0	1469404800
2239	43	5.0	1442880000
2241	6182	5.0	1481155200
2242	1287	5.0	1397952000
2244	6317	5.0	1485129600
2245	1426	1.0	1415059200
2247	67	5.0	1450742400
2249	1496	5.0	1406073600
2250	2047	5.0	1453334400
2251	5103	3.0	1486339200
2253	3177	5.0	1518220800
2254	3211	2.0	1463356800
2255	4355	5.0	1454371200
2256	2454	4.0	1411084800
2257	1254	4.0	1508803200
2258	2963	1.0	1499126400
2259	140	5.0	1481760000
2261	1705	5.0	1493164800
2262	1081	3.0	1447891200
2263	4139	4.0	1480204800
2265	3220	5.0	1512345600
2266	5046	1.0	1496102400
2267	5304	4.0	1480464000
2268	1595	5.0	1444435200
2269	5136	5.0	1522627200
2270	3988	5.0	1493337600
2273	1442	5.0	1428537600
2274	5413	5.0	1475280000
2275	4467	4.0	1465171200
2276	1709	4.0	1454457600
2277	1740	5.0	1422489600
2278	199	5.0	1430092800
2279	5212	5.0	1504656000
2280	3658	4.0	1464134400
2281	83	5.0	1472169600
2282	3149	1.0	1477872000
2283	2260	5.0	1448928000
2284	5856	4.0	1500336000
2285	340	4.0	1474934400
2287	979	5.0	1504828800
2289	4066	5.0	1476316800
2290	4515	4.0	1481760000
2291	434	5.0	1494892800
2292	4976	5.0	1463616000
2293	448	5.0	1417651200
2294	240	2.0	1504137600
2295	2767	4.0	1430179200
2299	19	5.0	1493510400
2300	3498	3.0	1491523200
2301	6431	5.0	1484524800
2302	3349	4.0	1439510400
2303	4925	5.0	1492214400
2304	2001	5.0	1480291200
2305	52	1.0	1476835200
2306	572	3.0	1420070400
2307	4989	5.0	1497225600
2309	1177	5.0	1428451200
2310	97	5.0	1444176000
2311	5522	5.0	1512086400
2312	240	4.0	1521936000
2313	120	4.0	1470528000
2315	4582	5.0	1508284800
2316	5975	5.0	1487289600
2318	803	5.0	1446681600
2319	5767	4.0	1510704000
2320	3944	2.0	1484438400
2321	985	1.0	1478995200
2322	5721	4.0	1499731200
2323	5767	5.0	1487808000
2325	3093	5.0	1463356800
2326	2770	5.0	1456185600
2327	1045	3.0	1473465600
2328	42	5.0	1496707200
2329	2440	5.0	1448323200
2331	680	5.0	1500422400
2332	4497	5.0	1514505600
2333	974	3.0	1400025600
2334	4932	5.0	1478390400
2335	627	4.0	1361923200
2336	117	4.0	1367452800
2337	1251	4.0	1427155200
2338	1530	3.0	1382313600
2341	4579	3.0	1494201600
2342	6369	2.0	1476748800
2343	985	5.0	1480809600
2344	1412	4.0	1398643200
2345	3425	5.0	1497657600
2346	6548	1.0	1482105600
2347	6118	5.0	1487203200
2348	3127	5.0	1477008000
2349	2636	5.0	1426291200
2350	4066	5.0	1467504000
2351	4542	5.0	1506384000
2353	1218	5.0	1489190400
2354	719	4.0	1408665600
2355	4735	5.0	1519084800
2356	4541	5.0	1475193600
2357	229	5.0	1496534400
2358	116	5.0	1468886400
2359	743	3.0	1460764800
2360	1078	1.0	1454025600
2362	117	5.0	1457395200
2364	5755	5.0	1469145600
2367	352	5.0	1424217600
2368	502	5.0	1394496000
2369	712	5.0	1409184000
2370	4066	5.0	1506211200
2371	5975	5.0	1473379200
2373	5246	3.0	1508803200
2374	1917	4.0	1477699200
2375	80	3.0	1435795200
2376	352	5.0	1452124800
2377	1286	5.0	1500854400
2380	2007	5.0	1476835200
2381	3274	5.0	1497916800
2382	4238	5.0	1515542400
2383	5117	4.0	1461110400
2384	1864	5.0	1391644800
2385	240	5.0	1472947200
2386	749	5.0	1388102400
2387	4066	5.0	1480204800
2388	594	4.0	1384646400
2389	2675	5.0	1429315200
2390	874	5.0	1476057600
2391	6214	3.0	1470182400
2392	240	5.0	1481500800
2393	1794	5.0	1460937600
2394	3997	5.0	1526774400
2395	4500	5.0	1458604800
2396	5043	3.0	1476576000
2397	3835	5.0	1455580800
2398	5951	5.0	1477612800
2399	4987	2.0	1489017600
2401	977	1.0	1447718400
2402	5833	5.0	1506988800
2403	1179	5.0	1526601600
2404	2095	4.0	1432425600
2405	1251	1.0	1453075200
2406	1215	5.0	1478131200
2407	6413	5.0	1486771200
2408	4392	5.0	1467244800
2409	974	4.0	1480636800
2410	2567	4.0	1433030400
2411	83	5.0	1468713600
2413	5857	5.0	1472860800
2414	2026	5.0	1412812800
2415	240	5.0	1473897600
2416	4146	5.0	1457913600
2417	4298	4.0	1462838400
2418	3988	5.0	1476403200
2419	3948	5.0	1478476800
2421	4146	5.0	1439424000
2422	117	3.0	1374537600
2423	2499	5.0	1480291200
2424	1131	3.0	1372809600
2425	4128	5.0	1473552000
2427	1914	5.0	1424131200
2430	970	4.0	1378857600
2431	2227	4.0	1479686400
2434	2771	5.0	1496275200
2435	2227	5.0	1448323200
2436	6401	5.0	1509753600
2437	4923	5.0	1530662400
2438	6392	3.0	1492732800
2439	6018	4.0	1467763200
2440	3150	4.0	1481846400
2441	4865	5.0	1477267200
2442	970	5.0	1454803200
2443	2875	4.0	1427328000
2445	5763	5.0	1526342400
2446	172	5.0	1512950400
2447	970	4.0	1493769600
2448	4090	1.0	1451606400
2449	2047	5.0	1416268800
2450	3881	5.0	1445472000
2451	340	5.0	1501632000
2452	1455	3.0	1457395200
2453	116	5.0	1501459200
2454	4910	5.0	1515542400
2455	930	5.0	1366588800
2456	44	2.0	1495238400
2457	946	2.0	1487548800
2458	868	5.0	1424736000
2459	5934	5.0	1488240000
2460	1200	5.0	1454803200
2461	240	5.0	1471996800
2462	2047	5.0	1446940800
2463	4993	5.0	1473379200
2464	975	4.0	1481155200
2465	1607	5.0	1404172800
2466	561	5.0	1477526400
2467	649	5.0	1507420800
2469	43	5.0	1472169600
2470	43	5.0	1493510400
2471	2492	4.0	1404777600
2472	4315	4.0	1449878400
2473	4066	5.0	1511481600
2474	3214	1.0	1426982400
2475	759	5.0	1421971200
2477	5910	1.0	1496275200
2478	2007	5.0	1446940800
2479	5834	5.0	1519516800
2480	6214	5.0	1468886400
2481	6478	5.0	1489536000
2482	4329	3.0	1470355200
2484	1746	5.0	1449878400
2485	44	5.0	1502496000
2486	2311	5.0	1457308800
2487	2850	5.0	1458345600
2489	3468	5.0	1477094400
2490	4916	5.0	1489449600
2491	1030	4.0	1509494400
2493	6162	5.0	1495670400
2495	3099	5.0	1509321600
2496	352	5.0	1522108800
2497	4713	4.0	1480032000
2498	3490	5.0	1434326400
2499	2451	5.0	1446681600
2501	5000	3.0	1473120000
2502	6520	5.0	1509062400
2503	1662	5.0	1447113600
2504	1968	5.0	1452729600
2505	1815	5.0	1487635200
2506	4562	1.0	1455235200
2507	448	5.0	1476230400
2508	5117	5.0	1486684800
2509	44	5.0	1473552000
2510	2304	5.0	1426464000
2511	448	5.0	1366070400
2512	21	3.0	1415750400
2513	794	5.0	1395100800
2514	2785	5.0	1532563200
2518	4810	5.0	1512000000
2520	595	5.0	1412380800
2521	3737	5.0	1482969600
2522	5175	5.0	1491523200
2523	796	5.0	1513728000
2524	803	5.0	1479081600
2526	5856	3.0	1517529600
2527	3273	4.0	1476748800
2529	5623	5.0	1521936000
2530	5652	5.0	1462838400
2531	6123	5.0	1476748800
2532	5358	5.0	1489104000
2533	340	4.0	1423612800
2534	5367	5.0	1475539200
2535	871	4.0	1410393600
2536	2968	1.0	1455148800
2537	3027	5.0	1466899200
2538	2001	3.0	1514851200
2539	4971	5.0	1476576000
2540	540	5.0	1420243200
2541	2771	5.0	1496102400
2542	2546	5.0	1445731200
2543	5049	5.0	1501027200
2544	5494	4.0	1474416000
2545	3273	5.0	1484092800
2546	6510	5.0	1484352000
2547	2672	5.0	1414627200
2548	4537	5.0	1491868800
2549	3694	5.0	1463961600
2550	2001	5.0	1458518400
2551	985	5.0	1513209600
2552	44	5.0	1500940800
2554	3988	5.0	1485043200
2555	240	5.0	1466294400
2556	6214	4.0	1521417600
2557	980	2.0	1475020800
2558	3920	3.0	1426032000
2559	340	5.0	1426204800
2560	2117	5.0	1412640000
2561	3968	4.0	1454630400
2563	6413	5.0	1496707200
2564	5856	5.0	1480982400
2565	769	4.0	1354924800
2566	3138	5.0	1441324800
2567	977	5.0	1503619200
2569	229	4.0	1450742400
2570	3039	5.0	1461715200
2571	4066	5.0	1525910400
2572	448	5.0	1483142400
2574	1251	5.0	1490313600
2575	2709	5.0	1436918400
2576	240	5.0	1477267200
2577	430	5.0	1443571200
2578	44	5.0	1496966400
2579	6363	1.0	1487030400
2580	3179	5.0	1457222400
2581	5518	4.0	1474588800
2582	4626	5.0	1484092800
2584	3408	5.0	1497830400
2585	977	5.0	1444521600
2586	3656	5.0	1444348800
2587	332	5.0	1473206400
2588	1193	5.0	1462838400
2589	4609	4.0	1492387200
2590	4579	2.0	1487289600
2591	2578	4.0	1468195200
2592	4494	5.0	1473811200
2593	1251	3.0	1496620800
2594	4125	4.0	1436572800
2595	6479	5.0	1501718400
2596	1610	5.0	1511827200
2597	5857	5.0	1466899200
2598	6268	4.0	1498089600
2600	3177	5.0	1518912000
2601	410	5.0	1434758400
2602	5332	5.0	1475020800
2605	797	5.0	1470873600
2606	977	1.0	1426291200
2607	3151	5.0	1494028800
2608	4817	5.0	1469923200
2609	4640	5.0	1481846400
2612	387	3.0	1442275200
2613	256	5.0	1525651200
2614	448	5.0	1513468800
2615	116	5.0	1413244800
2616	3512	4.0	1433376000
2617	4560	5.0	1462665600
2618	117	5.0	1463616000
2620	5812	4.0	1503187200
2621	2739	2.0	1461801600
2623	2721	4.0	1424131200
2625	2992	5.0	1451606400
2626	5764	5.0	1446595200
2627	1618	5.0	1492387200
2629	6510	5.0	1470787200
2630	4066	5.0	1464393600
2631	116	5.0	1510358400
2633	6037	4.0	1469404800
2634	654	5.0	1459209600
2635	2769	5.0	1458604800
2636	2693	5.0	1501113600
2637	2166	5.0	1412726400
2638	3460	5.0	1474070400
2639	5246	5.0	1464566400
2640	606	2.0	1458259200
2642	4797	5.0	1472428800
2643	3898	4.0	1477267200
2644	340	5.0	1424131200
2645	93	5.0	1480809600
2646	5696	5.0	1489968000
2647	240	5.0	1513468800
2648	1488	5.0	1424822400
2650	324	5.0	1496620800
2651	1045	5.0	1477785600
2654	1120	5.0	1413504000
2655	4479	4.0	1448064000
2656	4283	5.0	1491523200
2657	5856	5.0	1507161600
2658	3499	5.0	1469318400
2659	6507	5.0	1475971200
2660	1177	5.0	1438732800
2661	2042	5.0	1437436800
2662	601	4.0	1444348800
2663	448	5.0	1437868800
2664	4542	5.0	1473120000
2665	923	3.0	1486598400
2666	5935	5.0	1529539200
2667	3066	5.0	1501804800
2668	873	5.0	1483228800
2669	964	4.0	1393545600
2670	979	4.0	1412726400
2671	6075	5.0	1509840000
2672	140	5.0	1444867200
2674	714	5.0	1494892800
2675	984	4.0	1502323200
2676	1251	5.0	1522972800
2678	6552	5.0	1502841600
2680	984	5.0	1422316800
2681	127	5.0	1477440000
2682	5309	5.0	1457827200
2683	1264	5.0	1436400000
2684	2061	3.0	1455494400
2687	5510	5.0	1504137600
2688	240	5.0	1477440000
2689	5519	5.0	1456185600
2691	457	5.0	1506384000
2693	5049	5.0	1480377600
2694	2769	5.0	1433030400
2696	3419	5.0	1480464000
2697	44	5.0	1481414400
2698	19	5.0	1438819200
2700	3399	2.0	1530576000
2701	4326	5.0	1479772800
2702	1368	3.0	1480809600
2703	2583	5.0	1487548800
2704	4966	5.0	1468022400
2705	2680	5.0	1466640000
2706	4583	3.0	1489881600
2709	5250	5.0	1471046400
2710	3974	5.0	1499212800
2711	3732	4.0	1475539200
2712	923	5.0	1518739200
2713	4066	5.0	1468886400
2714	3739	4.0	1506384000
2716	5205	5.0	1523577600
2717	43	5.0	1484179200
2718	3067	3.0	1501372800
2719	44	5.0	1374019200
2720	2307	5.0	1480636800
2721	5248	5.0	1489276800
2722	2963	5.0	1483401600
2723	3211	5.0	1452902400
2724	4066	3.0	1488067200
2725	2386	4.0	1513728000
2726	42	4.0	1466294400
2727	240	4.0	1482883200
2728	3974	5.0	1442016000
2729	457	4.0	1452816000
2730	3784	5.0	1479427200
2731	1293	5.0	1412899200
2732	4471	5.0	1465257600
2733	2390	5.0	1504656000
2734	1788	5.0	1487548800
2735	4066	5.0	1519948800
2736	5526	5.0	1487116800
2737	3428	5.0	1438732800
2738	42	5.0	1398729600
2739	117	5.0	1498521600
2740	985	3.0	1449878400
2742	984	5.0	1444435200
2743	6003	4.0	1466467200
2744	456	3.0	1483488000
2745	140	4.0	1493078400
2746	3518	2.0	1463356800
2747	470	5.0	1399852800
2748	5934	3.0	1466812800
2749	977	4.0	1469232000
2750	2305	5.0	1433203200
2751	340	5.0	1463184000
2752	5856	5.0	1475798400
2753	609	5.0	1383350400
2754	3144	5.0	1459468800
2757	977	5.0	1443830400
2760	664	5.0	1468368000
2761	1113	2.0	1418860800
2762	5972	5.0	1503273600
2764	2892	5.0	1496102400
2765	976	4.0	1492387200
2766	4116	5.0	1478304000
2768	5466	5.0	1468886400
2769	1177	5.0	1502841600
2770	5975	5.0	1468108800
2772	1541	5.0	1454112000
2773	6018	5.0	1464220800
2774	5247	5.0	1473638400
2775	985	1.0	1497312000
2776	985	5.0	1425772800
2777	6195	5.0	1494460800
2778	913	5.0	1484179200
2780	6400	2.0	1491436800
2781	794	5.0	1494547200
2782	97	5.0	1479859200
2783	5337	5.0	1518998400
2784	2001	5.0	1483401600
2785	559	2.0	1424304000
2786	3999	5.0	1457395200
2787	5366	5.0	1469491200
2789	970	5.0	1491868800
2790	5856	4.0	1502668800
2791	5292	3.0	1491955200
2792	2125	5.0	1473724800
2793	974	5.0	1456012800
2794	6340	5.0	1480291200
2795	4066	5.0	1488585600
2796	3101	5.0	1461974400
2797	2304	4.0	1523059200
2798	2047	5.0	1486857600
2799	2113	5.0	1418256000
2800	719	5.0	1440374400
2801	6137	3.0	1492646400
2802	5901	5.0	1465948800
2803	1308	5.0	1426204800
2804	6206	3.0	1477526400
2805	4605	5.0	1467504000
2806	4066	4.0	1469404800
2807	3225	5.0	1454025600
2808	116	5.0	1509667200
2809	240	5.0	1464825600
2810	832	5.0	1468800000
2811	116	5.0	1487289600
2812	4844	5.0	1466985600
2813	6075	1.0	1529193600
2815	913	5.0	1429833600
2816	3087	4.0	1482105600
2817	834	5.0	1385424000
2818	3585	4.0	1476057600
2819	3572	5.0	1431993600
2820	977	4.0	1436659200
2821	4066	5.0	1473552000
2822	2937	5.0	1429488000
2823	1504	4.0	1415232000
2824	5856	5.0	1495152000
2825	42	5.0	1490745600
2826	3947	3.0	1480550400
2827	2697	5.0	1440892800
2828	3419	5.0	1500076800
2829	2191	5.0	1414627200
2830	977	3.0	1409875200
2832	5857	5.0	1472428800
2834	803	5.0	1510704000
2835	240	5.0	1436745600
2836	6217	2.0	1494115200
2837	140	5.0	1492128000
2838	4146	5.0	1470873600
2839	43	5.0	1445644800
2840	2226	5.0	1498003200
2841	370	4.0	1523836800
2842	545	4.0	1478476800
2843	1447	4.0	1420156800
2844	5739	5.0	1494028800
2845	5522	3.0	1473811200
2846	1603	5.0	1427068800
2847	83	3.0	1478822400
2848	5	4.0	1477094400
2849	1972	4.0	1494806400
2850	3127	5.0	1480636800
2852	5750	5.0	1511654400
2854	1964	5.0	1428883200
2857	165	2.0	1493424000
2858	4372	5.0	1482105600
2860	1622	5.0	1461888000
2861	1488	5.0	1451606400
2862	240	5.0	1487894400
2864	4295	5.0	1483401600
2865	352	5.0	1463529600
2867	5549	5.0	1500336000
2869	5272	5.0	1471651200
2870	4142	5.0	1470096000
2872	5007	4.0	1483315200
2873	860	5.0	1454976000
2874	5395	5.0	1495324800
2875	6392	3.0	1489881600
2876	5857	5.0	1455235200
2878	2482	5.0	1410825600
2879	4066	5.0	1487289600
2880	2689	5.0	1423526400
2881	4537	5.0	1491177600
2882	33	5.0	1449273600
2883	985	5.0	1438300800
2884	524	5.0	1444176000
2885	6174	5.0	1509580800
2886	595	5.0	1424304000
2888	4066	5.0	1477526400
2889	399	4.0	1403654400
2890	2955	5.0	1438128000
2891	4281	5.0	1465257600
2892	1855	4.0	1440374400
2893	4066	5.0	1525737600
2894	4819	2.0	1500595200
2895	3226	5.0	1470009600
2896	2624	4.0	1441756800
2897	2047	5.0	1522627200
2898	352	5.0	1493683200
2899	3460	5.0	1482451200
2900	2210	5.0	1430870400
2901	1926	5.0	1488499200
2902	2047	5.0	1513468800
2903	5856	5.0	1433635200
2904	5975	5.0	1466553600
2905	640	5.0	1424649600
2907	439	4.0	1423958400
2908	5764	3.0	1481846400
2909	3928	5.0	1460937600
2910	428	5.0	1434412800
2911	2885	4.0	1496707200
2912	5085	2.0	1453420800
2913	19	1.0	1437523200
2914	5629	3.0	1467676800
2915	3279	5.0	1510444800
2916	5697	5.0	1483488000
2917	3225	5.0	1448150400
2918	470	5.0	1376006400
2919	4736	5.0	1469750400
2920	5453	3.0	1494633600
2921	35	5.0	1463961600
2922	414	5.0	1420156800
2923	2400	1.0	1414368000
2925	4930	2.0	1458172800
2926	3250	5.0	1482278400
2927	457	5.0	1456876800
2928	3938	4.0	1475107200
2930	3175	5.0	1467763200
2931	970	5.0	1448928000
2932	4574	5.0	1478995200
2933	754	5.0	1416614400
2934	4138	3.0	1450569600
2936	4254	5.0	1446422400
2937	5272	4.0	1468022400
2938	2291	5.0	1460678400
2940	979	5.0	1448668800
2941	5857	3.0	1466208000
2942	1556	5.0	1415232000
2943	5247	5.0	1478131200
2944	5764	4.0	1516838400
2945	3950	5.0	1514851200
2946	42	5.0	1526428800
2948	2755	5.0	1445126400
2949	2031	5.0	1497398400
2950	4917	5.0	1497398400
2951	2675	5.0	1458086400
2952	2717	5.0	1426982400
2953	42	5.0	1526860800
2954	974	3.0	1395187200
2955	984	5.0	1373414400
2956	6148	5.0	1493942400
2957	4754	5.0	1455840000
2958	1177	5.0	1509321600
2959	1794	5.0	1452643200
2962	977	5.0	1416528000
2967	3146	5.0	1507334400
2968	4875	5.0	1482969600
2969	4089	4.0	1506384000
2970	341	4.0	1456876800
2972	3109	5.0	1519689600
2973	4245	3.0	1450310400
2976	340	5.0	1441065600
2977	3314	5.0	1487808000
2978	6102	5.0	1480550400
2980	5180	5.0	1492646400
2981	979	5.0	1444867200
2982	2542	5.0	1472428800
2983	3425	5.0	1486425600
2984	1251	4.0	1402790400
2985	4177	5.0	1452643200
2986	1367	1.0	1458604800
2987	977	5.0	1467072000
2988	3288	3.0	1433376000
2989	564	5.0	1413417600
2990	5292	1.0	1493769600
2991	3453	1.0	1468022400
2993	3092	5.0	1478304000
2994	4487	5.0	1491091200
2995	2672	1.0	1457654400
2996	5337	3.0	1484438400
2997	3419	5.0	1525305600
2998	441	5.0	1472083200
2999	5026	5.0	1478044800
3000	2454	5.0	1430870400
3001	44	5.0	1466294400
3003	1367	5.0	1422489600
3004	4001	5.0	1460592000
3008	1251	4.0	1496361600
3009	5019	5.0	1466553600
3010	4880	5.0	1492300800
3011	4	1.0	1429142400
3012	3066	4.0	1483920000
3013	5894	4.0	1477785600
3014	4078	5.0	1477612800
3016	4246	5.0	1449100800
3017	2089	5.0	1437955200
3018	974	5.0	1480377600
3019	3755	5.0	1439251200
3020	1864	5.0	1475798400
3021	3922	3.0	1533600000
3022	1177	4.0	1413763200
3023	3117	4.0	1448236800
3024	1082	3.0	1528848000
3025	4078	5.0	1428969600
3026	5136	5.0	1518652800
3027	6409	5.0	1475020800
3028	1306	5.0	1448668800
3029	4146	5.0	1438128000
3030	4066	5.0	1456704000
3031	5906	5.0	1471910400
3032	4715	5.0	1525392000
3033	5945	5.0	1507161600
3035	116	3.0	1445731200
3036	43	5.0	1474329600
3037	5742	1.0	1517616000
3038	6100	1.0	1498003200
3039	984	5.0	1481673600
3040	3168	5.0	1467331200
3041	4002	5.0	1527206400
3042	3235	5.0	1345939200
3043	2675	5.0	1431043200
3044	140	5.0	1427155200
3045	5764	5.0	1515369600
3046	4231	5.0	1462320000
3047	1660	4.0	1457568000
3048	468	5.0	1411862400
3049	974	5.0	1413936000
3050	1819	5.0	1468368000
3051	985	5.0	1442448000
3052	267	5.0	1412208000
3054	3429	5.0	1468281600
3055	3655	5.0	1446854400
3057	4542	5.0	1487980800
3058	3076	4.0	1443571200
3059	3573	5.0	1492905600
3060	1570	3.0	1435104000
3062	117	5.0	1468454400
3063	796	5.0	1430006400
3064	5413	5.0	1463616000
3065	2471	5.0	1449619200
3066	4654	5.0	1454457600
3067	2605	5.0	1435968000
3068	426	5.0	1484697600
3069	984	5.0	1418774400
3070	1189	5.0	1477267200
3072	5553	5.0	1521244800
3073	3873	4.0	1467936000
3074	3614	5.0	1452729600
3075	2136	5.0	1409702400
3076	6144	5.0	1499040000
3077	5856	5.0	1496361600
3078	994	4.0	1478908800
3079	2895	5.0	1436227200
3080	4609	5.0	1488931200
3082	5000	2.0	1504051200
3083	391	5.0	1415059200
3084	3419	5.0	1506643200
3085	1413	4.0	1410825600
3086	5202	5.0	1492646400
3087	5777	5.0	1480464000
3088	4531	5.0	1487894400
3089	3416	5.0	1457222400
3090	2477	4.0	1429142400
3091	5902	5.0	1499040000
3092	5764	4.0	1479081600
3093	5971	5.0	1521331200
3094	3005	5.0	1418083200
3095	1432	3.0	1454025600
3096	399	5.0	1446940800
3099	2907	5.0	1461974400
3100	6001	5.0	1479859200
3101	1106	5.0	1461196800
3102	2885	3.0	1448668800
3103	537	5.0	1463875200
3104	43	4.0	1526601600
3105	1541	5.0	1462838400
3106	1926	4.0	1513036800
3107	5856	5.0	1520294400
3108	3769	5.0	1447545600
3110	970	4.0	1417996800
3111	2205	5.0	1414713600
3112	4078	5.0	1490400000
3113	5468	5.0	1480550400
3114	257	4.0	1409011200
3115	19	4.0	1372204800
3116	2226	5.0	1489536000
3117	1256	3.0	1438819200
3118	2606	5.0	1458172800
3120	1157	3.0	1466467200
3123	2992	5.0	1485129600
3124	970	5.0	1471910400
3125	5856	5.0	1476316800
3126	2675	4.0	1460937600
3127	974	5.0	1469577600
3128	117	5.0	1492905600
3129	5856	3.0	1477526400
3130	698	5.0	1412294400
3131	2005	3.0	1432339200
3132	4581	4.0	1518220800
3133	719	3.0	1435622400
3134	4662	5.0	1495584000
3135	1275	5.0	1470009600
3136	4177	5.0	1448841600
3137	1251	5.0	1424563200
3138	4066	5.0	1491955200
3139	4048	3.0	1474416000
3140	4966	2.0	1502841600
3141	1854	5.0	1508284800
3142	685	5.0	1456790400
3143	42	5.0	1475107200
3144	399	4.0	1483228800
3145	3763	5.0	1456963200
3146	2030	5.0	1493769600
3147	3826	5.0	1495324800
3148	5856	5.0	1469145600
3149	3654	3.0	1441584000
3150	3068	5.0	1429401600
3151	2879	2.0	1494115200
3152	984	5.0	1487635200
3153	395	5.0	1392940800
3154	3419	5.0	1451260800
3156	3273	5.0	1449619200
3157	2552	5.0	1445040000
3158	3624	3.0	1465084800
3159	6080	5.0	1495584000
3160	5715	5.0	1481241600
3162	4274	5.0	1476835200
3163	2227	5.0	1457222400
3164	117	5.0	1443139200
3165	4493	4.0	1491868800
3166	340	5.0	1499299200
3167	977	5.0	1377734400
3168	5518	5.0	1481068800
3169	240	3.0	1524441600
3170	3913	5.0	1468713600
3172	5867	5.0	1458864000
3173	6413	5.0	1488412800
3174	1	5.0	1479600000
3176	165	4.0	1480032000
3177	116	4.0	1500768000
3178	2444	4.0	1435881600
3179	985	5.0	1529193600
3180	4443	5.0	1457308800
3181	5056	5.0	1462492800
3182	907	3.0	1394496000
3183	2547	5.0	1459468800
3184	1394	5.0	1423008000
3185	1852	5.0	1491004800
3186	1906	5.0	1415318400
3187	3225	5.0	1460937600
3188	1442	5.0	1506470400
3189	4759	5.0	1464220800
3190	4579	3.0	1487808000
3191	3310	4.0	1506988800
3192	97	1.0	1517875200
3193	5764	5.0	1488931200
3194	6493	5.0	1473120000
3195	4715	3.0	1522108800
3196	3076	3.0	1463011200
3197	340	4.0	1447632000
3198	4447	5.0	1512864000
3199	873	5.0	1493596800
3200	5335	5.0	1492905600
3201	5857	5.0	1489276800
3202	1251	5.0	1492905600
3203	2538	5.0	1490140800
3204	1188	5.0	1497225600
3205	5533	5.0	1473120000
3206	2523	5.0	1454457600
3207	515	5.0	1368662400
3208	240	5.0	1454371200
3209	2771	5.0	1431561600
3210	2370	5.0	1457481600
3211	3877	5.0	1478822400
3212	22	3.0	1505520000
3213	5444	5.0	1506902400
3214	4066	5.0	1476921600
3215	979	5.0	1462147200
3216	3737	5.0	1512259200
3217	3369	5.0	1472428800
3218	2345	5.0	1486080000
3219	984	5.0	1447372800
3220	965	5.0	1439769600
3221	341	5.0	1429747200
3223	42	5.0	1496361600
3224	3419	5.0	1482278400
3226	4066	5.0	1472774400
3227	321	5.0	1424476800
3228	974	5.0	1492128000
3229	1298	5.0	1420675200
3230	4743	5.0	1508976000
3232	4654	4.0	1456704000
3233	972	5.0	1435622400
3234	5856	5.0	1465776000
3235	301	3.0	1400716800
3236	5256	2.0	1479427200
3237	1254	5.0	1505865600
3238	117	5.0	1465171200
3239	44	5.0	1485302400
3240	2755	5.0	1451865600
3241	4440	3.0	1453593600
3242	719	5.0	1408579200
3243	1793	5.0	1490054400
3245	4066	5.0	1466726400
3246	3419	5.0	1513728000
3247	44	5.0	1475539200
3248	116	4.0	1444176000
3249	5321	5.0	1504224000
3250	873	4.0	1445126400
3253	2673	5.0	1518134400
3254	4574	5.0	1463270400
3255	3968	4.0	1485993600
3256	1078	5.0	1489536000
3260	467	4.0	1395878400
3261	2226	5.0	1476662400
3262	2370	5.0	1432771200
3263	428	5.0	1413158400
3264	1251	3.0	1427846400
3265	5856	5.0	1485648000
3266	4381	5.0	1496620800
3267	68	5.0	1501632000
3268	5253	4.0	1474329600
3271	803	4.0	1452470400
3272	1251	2.0	1508976000
3273	4066	5.0	1462406400
3274	2205	3.0	1446249600
3275	2226	4.0	1431129600
3276	987	5.0	1487030400
3277	3419	3.0	1452816000
3278	2300	5.0	1414108800
3279	796	5.0	1472169600
3281	5866	5.0	1506384000
3282	984	5.0	1457222400
3284	6474	3.0	1497398400
3285	5951	5.0	1492387200
3286	1025	5.0	1413072000
3287	698	5.0	1428796800
3288	3168	5.0	1511827200
3289	2265	5.0	1500940800
3290	3211	5.0	1413417600
3291	1254	4.0	1515283200
3292	5951	5.0	1492819200
3293	1618	5.0	1477785600
3294	44	5.0	1372550400
3295	2771	5.0	1438300800
3296	255	4.0	1462579200
3298	5367	5.0	1471132800
3299	5110	5.0	1524960000
3300	5064	5.0	1522108800
3301	2259	5.0	1452816000
3303	855	5.0	1441152000
3304	2345	5.0	1496102400
3305	4787	5.0	1490745600
3306	483	5.0	1433980800
3307	4381	3.0	1466380800
3308	3419	2.0	1381104000
3309	5843	5.0	1462233600
3310	2721	4.0	1423526400
3311	1794	5.0	1455840000
3312	913	5.0	1453248000
3313	1167	5.0	1433635200
3315	145	3.0	1479254400
3316	2047	3.0	1512864000
3317	6553	5.0	1496880000
3318	6542	5.0	1517356800
3319	20	5.0	1485475200
3320	5125	5.0	1477612800
3321	256	3.0	1440374400
3323	985	2.0	1506902400
3324	5	3.0	1512864000
3325	1218	5.0	1495152000
3327	267	1.0	1521504000
3328	979	4.0	1437436800
3329	4532	5.0	1486684800
3330	5764	5.0	1456876800
3331	5894	5.0	1523836800
3332	116	5.0	1433980800
3333	974	5.0	1483401600
3334	117	5.0	1469750400
3336	117	5.0	1498176000
3337	117	5.0	1466899200
3340	5774	5.0	1488499200
3341	6017	5.0	1473897600
3342	3459	4.0	1437177600
3343	2097	5.0	1454284800
3345	399	5.0	1427932800
3346	714	3.0	1497052800
3347	6177	4.0	1473206400
3348	974	5.0	1486857600
3350	2233	5.0	1487376000
3351	2771	5.0	1489968000
3352	518	3.0	1446681600
3353	4066	5.0	1474416000
3354	975	3.0	1468800000
3355	1025	5.0	1398297600
3356	3225	5.0	1450137600
3357	2000	4.0	1506470400
3358	19	3.0	1507593600
3359	3350	3.0	1472515200
3361	3274	5.0	1458518400
3362	1572	4.0	1516320000
3364	3968	3.0	1484006400
3365	4066	5.0	1488758400
3366	2345	5.0	1487289600
3368	1762	5.0	1480550400
3369	2079	5.0	1415145600
3370	4644	4.0	1485302400
3371	1177	5.0	1414368000
3372	5247	5.0	1473984000
3373	352	4.0	1422230400
3374	448	5.0	1385424000
3375	5856	5.0	1487203200
3376	117	5.0	1481068800
3377	2125	5.0	1473811200
3379	5809	5.0	1508803200
3380	3077	5.0	1442966400
3381	2693	5.0	1463529600
3382	4874	5.0	1512345600
3383	1274	5.0	1482451200
3384	44	5.0	1470096000
3385	2721	5.0	1433376000
3386	44	5.0	1514764800
3387	6527	5.0	1480896000
3388	5403	5.0	1484092800
3389	2225	5.0	1465516800
3390	5255	5.0	1473984000
3392	3582	5.0	1452556800
3393	798	5.0	1350345600
3394	2879	4.0	1437264000
3395	3250	5.0	1418601600
3396	715	5.0	1420848000
3397	2051	2.0	1464825600
3398	1251	5.0	1480464000
3399	985	5.0	1492560000
3400	2851	3.0	1466812800
3401	3548	5.0	1491436800
3402	4615	5.0	1472169600
3405	4568	5.0	1488412800
3406	2767	5.0	1424995200
3407	3419	5.0	1470009600
3409	2377	5.0	1448841600
3410	19	5.0	1412380800
3411	5246	4.0	1471392000
3412	1652	5.0	1395014400
3413	3692	3.0	1435276800
3414	4354	3.0	1481673600
3415	715	5.0	1418860800
3416	1347	5.0	1401321600
3417	4754	4.0	1468972800
3418	43	5.0	1494201600
3419	2347	3.0	1444262400
3420	44	5.0	1479340800
3421	293	5.0	1476144000
3422	5074	5.0	1504656000
3423	985	5.0	1514851200
3424	4074	5.0	1520985600
3425	3770	5.0	1498608000
3426	2757	4.0	1433548800
3428	535	5.0	1457222400
3429	5664	5.0	1497744000
3430	606	4.0	1421798400
3431	970	5.0	1456704000
3432	98	5.0	1383436800
3433	5000	5.0	1485820800
3434	117	5.0	1506038400
3435	979	5.0	1483228800
3436	5707	5.0	1482796800
3438	2605	5.0	1457913600
3439	3512	5.0	1440979200
3440	4013	4.0	1446854400
3441	5529	4.0	1483574400
3442	984	5.0	1451692800
3443	3274	5.0	1483315200
3444	3868	5.0	1484352000
3446	2348	5.0	1457395200
3448	3578	5.0	1456876800
3449	873	4.0	1430524800
3450	988	5.0	1474848000
3451	42	5.0	1490572800
3452	803	5.0	1481328000
3453	1218	5.0	1461628800
3455	140	5.0	1414713600
3457	759	5.0	1408838400
3460	1292	5.0	1438128000
3461	3080	3.0	1459814400
3462	1644	5.0	1483574400
3463	441	5.0	1504137600
3464	6162	4.0	1486080000
3468	1735	5.0	1475539200
3469	321	4.0	1475280000
3470	1251	5.0	1436140800
3473	2675	5.0	1410739200
3474	4066	5.0	1462665600
3475	980	5.0	1461283200
3476	5481	5.0	1491868800
3477	3087	3.0	1513036800
3478	567	5.0	1447977600
3479	97	5.0	1479340800
3480	3109	3.0	1445126400
3481	3994	5.0	1482537600
3482	2113	5.0	1453766400
3483	1507	5.0	1406678400
3484	3894	5.0	1461974400
3485	2431	5.0	1431129600
3486	3211	5.0	1455235200
3487	2220	5.0	1502323200
3489	6510	5.0	1512000000
3490	939	5.0	1504396800
3491	352	2.0	1450828800
3492	84	5.0	1482364800
3493	3900	5.0	1463356800
3494	3419	4.0	1515974400
3495	3673	5.0	1468368000
3496	6185	5.0	1496016000
3497	4098	5.0	1513900800
3498	3913	5.0	1463702400
3499	6270	3.0	1499385600
3500	6080	5.0	1499644800
3503	5877	5.0	1484006400
3504	3350	5.0	1495843200
3505	5856	3.0	1492387200
3506	5079	2.0	1486080000
3507	2226	5.0	1473897600
3508	4447	3.0	1516579200
3509	116	5.0	1430265600
3510	44	5.0	1475193600
3511	606	1.0	1457049600
3512	3985	5.0	1447804800
3515	4089	5.0	1482105600
3516	2227	4.0	1525651200
3517	4976	5.0	1447718400
3518	1815	4.0	1482278400
3520	1423	4.0	1437091200
3521	2047	5.0	1456531200
3522	3274	5.0	1527724800
3523	448	5.0	1481500800
3524	6324	5.0	1494288000
3526	5856	2.0	1503014400
3527	6283	5.0	1490572800
3528	6263	5.0	1476662400
3529	4732	5.0	1480982400
3530	2850	4.0	1465862400
3531	2345	5.0	1473206400
3532	5628	4.0	1473984000
3534	4687	4.0	1456099200
3536	3923	3.0	1521331200
3537	2600	1.0	1421798400
3538	5337	5.0	1460592000
3539	6317	2.0	1472774400
3540	5304	5.0	1485561600
3541	970	4.0	1484438400
3542	5092	5.0	1480723200
3543	3179	4.0	1478044800
3544	2767	4.0	1425859200
3545	4797	4.0	1478044800
3546	712	5.0	1425513600
3547	803	5.0	1413676800
3548	44	5.0	1516579200
3549	4914	5.0	1505865600
3550	1989	5.0	1396915200
3551	4343	5.0	1443830400
3552	5103	4.0	1482019200
3555	240	5.0	1505606400
3557	4631	4.0	1481587200
3558	560	4.0	1394150400
3559	4846	3.0	1474588800
3561	3872	5.0	1474848000
3562	1300	5.0	1426032000
3563	97	5.0	1474070400
3564	492	5.0	1522627200
3565	19	4.0	1464652800
3568	1484	5.0	1452211200
3569	2560	5.0	1452124800
3570	426	5.0	1490313600
3571	2001	5.0	1462147200
3573	3476	5.0	1440028800
3574	974	3.0	1425513600
3575	5052	5.0	1478217600
3576	5218	5.0	1482883200
3578	6178	5.0	1469491200
3579	414	5.0	1455062400
3580	4693	5.0	1445299200
3581	116	4.0	1485302400
3582	979	2.0	1466035200
3583	4582	4.0	1500768000
3584	240	5.0	1524873600
3585	4066	4.0	1458950400
3586	5337	2.0	1480896000
3587	5666	4.0	1470441600
3588	1356	5.0	1471478400
3589	117	5.0	1366070400
3590	291	5.0	1459209600
3592	427	5.0	1491264000
3593	6388	4.0	1483488000
3594	2001	4.0	1462320000
3595	965	5.0	1501977600
3597	1793	5.0	1438473600
3598	1552	5.0	1401753600
3599	5119	5.0	1455494400
3600	951	3.0	1464912000
3601	3793	5.0	1457827200
3602	43	5.0	1479081600
3603	163	5.0	1419897600
3604	713	4.0	1479168000
3605	3070	5.0	1430352000
3606	6129	5.0	1495670400
3608	4579	5.0	1507248000
3609	5332	3.0	1478390400
3610	1906	3.0	1413158400
3611	4195	5.0	1480809600
3612	256	5.0	1398124800
3613	414	5.0	1448236800
3614	3400	3.0	1506297600
3615	4874	5.0	1475280000
3616	1259	4.0	1427500800
3617	979	5.0	1385337600
3618	2310	5.0	1429401600
3619	3568	5.0	1480204800
3620	663	5.0	1421712000
3621	2950	5.0	1470614400
3622	2227	5.0	1453852800
3623	1131	5.0	1426636800
3624	5932	5.0	1465084800
3625	4085	4.0	1444608000
3626	340	5.0	1434585600
3627	719	3.0	1463702400
3628	4233	5.0	1472601600
3631	3392	5.0	1428451200
3632	970	5.0	1449532800
3633	399	4.0	1432166400
3634	4083	5.0	1477440000
3635	6322	5.0	1478131200
3636	6052	5.0	1509062400
3637	3021	3.0	1453161600
3638	1045	5.0	1430006400
3639	929	5.0	1411257600
3641	713	4.0	1487635200
3642	3321	2.0	1432166400
3643	5976	5.0	1491091200
3645	42	5.0	1410566400
3646	3179	5.0	1458086400
3647	3165	4.0	1483228800
3648	4363	5.0	1464825600
3649	632	5.0	1469404800
3650	5309	5.0	1511136000
3651	340	5.0	1434585600
3652	3852	5.0	1463875200
3653	984	3.0	1454457600
3655	3341	5.0	1463702400
3656	4929	5.0	1477785600
3657	4144	5.0	1461024000
3658	873	4.0	1428537600
3659	3665	4.0	1450310400
3660	4066	5.0	1461024000
3661	890	3.0	1411516800
3662	671	5.0	1408233600
3663	4099	5.0	1479600000
3664	117	5.0	1477353600
3665	2202	5.0	1508803200
3666	6264	5.0	1496102400
3667	3320	5.0	1442880000
3668	994	5.0	1415318400
3670	4066	5.0	1494806400
3671	1183	5.0	1428537600
3672	5450	5.0	1462406400
3673	977	3.0	1455753600
3674	456	5.0	1461715200
3675	5764	5.0	1517356800
3676	3934	5.0	1511913600
3677	395	5.0	1409184000
3678	714	5.0	1499990400
3679	6164	5.0	1483488000
3680	3586	5.0	1471305600
3681	5633	5.0	1465948800
3682	5492	5.0	1460937600
3683	472	4.0	1364169600
3684	5550	4.0	1475625600
3685	3440	5.0	1452902400
3686	985	2.0	1462924800
3687	3147	4.0	1475193600
3688	2001	4.0	1493424000
3689	258	5.0	1490659200
3690	1458	5.0	1488931200
3692	979	5.0	1424044800
3693	5856	2.0	1470268800
3694	464	5.0	1478217600
3695	5586	5.0	1457481600
3697	1032	5.0	1432771200
3698	116	5.0	1468281600
3699	5335	5.0	1526083200
3700	334	5.0	1364083200
3701	2348	5.0	1468540800
3702	873	5.0	1468627200
3703	3109	4.0	1466294400
3704	4527	5.0	1461542400
3705	240	5.0	1477612800
3707	140	5.0	1465776000
3708	5007	5.0	1469404800
3709	6407	5.0	1519603200
3711	5321	4.0	1500940800
3713	2675	5.0	1505692800
3714	5764	5.0	1494979200
3715	2107	4.0	1486598400
3716	6354	4.0	1480809600
3717	974	5.0	1463529600
3718	3167	5.0	1427846400
3719	985	4.0	1472256000
3720	4579	5.0	1485561600
3723	1926	5.0	1467244800
3724	4066	5.0	1470614400
3725	1442	5.0	1447545600
3726	42	5.0	1505952000
3727	803	5.0	1450310400
3728	3179	3.0	1525392000
3729	2636	5.0	1431216000
3730	1278	5.0	1493683200
3731	4946	5.0	1472428800
3732	4844	5.0	1464998400
3734	2673	5.0	1502755200
3735	352	5.0	1440720000
3736	44	5.0	1465948800
3737	6505	5.0	1533254400
3738	2717	3.0	1434931200
3739	97	4.0	1455062400
3740	4875	1.0	1488412800
3741	4944	3.0	1486425600
3742	447	5.0	1491350400
3743	5335	5.0	1485216000
3746	2047	4.0	1476230400
3747	6469	4.0	1531440000
3748	2389	5.0	1461801600
3749	4654	5.0	1532995200
3750	5834	5.0	1496620800
3751	5904	5.0	1491782400
3752	340	5.0	1411257600
3753	749	3.0	1380412800
3755	3352	5.0	1448236800
3756	1864	5.0	1482969600
3757	985	4.0	1460332800
3758	2586	5.0	1456012800
3759	4924	4.0	1463875200
3760	2326	5.0	1449273600
3761	4960	5.0	1504742400
3762	2311	5.0	1441238400
3764	5856	5.0	1524355200
3765	606	4.0	1413936000
3766	977	5.0	1426896000
3767	1297	3.0	1428796800
3768	1794	5.0	1483574400
3769	3015	1.0	1487980800
3770	5928	5.0	1484092800
3772	426	4.0	1432512000
3773	6576	4.0	1520467200
3774	4910	5.0	1512604800
3775	2380	5.0	1490918400
3776	1178	4.0	1499040000
3777	2388	5.0	1500768000
3778	794	4.0	1501632000
3779	1251	5.0	1494892800
3780	3179	5.0	1479859200
3782	597	4.0	1450742400
3783	93	2.0	1427328000
3784	240	5.0	1504742400
3785	3274	5.0	1463443200
3786	6437	4.0	1520467200
3787	5409	4.0	1500249600
3789	1388	5.0	1507248000
3790	5820	5.0	1477180800
3791	388	5.0	1450828800
3792	5103	4.0	1478563200
3793	3321	5.0	1472342400
3795	6239	5.0	1505347200
3796	1396	5.0	1460764800
3797	5013	3.0	1464912000
3799	970	5.0	1460246400
3800	4989	4.0	1519516800
3801	4085	5.0	1483401600
3802	5910	3.0	1490227200
3803	3150	1.0	1514332800
3804	5894	5.0	1498176000
3806	1926	5.0	1452902400
3808	2675	5.0	1512259200
3809	399	4.0	1450483200
3812	1273	5.0	1413244800
3813	4797	4.0	1514246400
3814	20	4.0	1427068800
3815	140	5.0	1476576000
3816	42	5.0	1464220800
3818	5460	5.0	1479772800
3819	6337	5.0	1512172800
3820	1915	5.0	1463875200
3821	1913	5.0	1492128000
3822	2327	5.0	1423180800
3823	5894	5.0	1503014400
3824	2095	5.0	1418428800
3825	4314	5.0	1470441600
3826	595	5.0	1417564800
3827	4471	5.0	1461542400
3828	97	5.0	1466553600
3829	2097	4.0	1414195200
3830	5468	5.0	1465776000
3831	1715	3.0	1417564800
3832	4066	5.0	1490486400
3833	5856	5.0	1463270400
3834	240	5.0	1450051200
3835	3480	5.0	1474761600
3836	1443	3.0	1456358400
3837	3465	4.0	1480896000
3838	713	4.0	1496620800
3840	2675	4.0	1452988800
3841	4844	5.0	1465084800
3842	3524	5.0	1436313600
3843	1234	5.0	1446681600
3844	4510	5.0	1493337600
3845	2047	5.0	1482710400
3846	5834	5.0	1525824000
3848	1558	5.0	1411516800
3849	42	5.0	1465862400
3850	5250	5.0	1463356800
3851	873	5.0	1474416000
3852	984	5.0	1420156800
3853	1926	2.0	1494288000
3854	813	5.0	1461801600
3855	1926	5.0	1456704000
3856	3697	3.0	1487721600
3857	5567	5.0	1464307200
3858	6041	5.0	1478822400
3859	5159	5.0	1506038400
3860	5844	2.0	1462233600
3861	977	4.0	1395792000
3864	3424	5.0	1477958400
3865	4372	3.0	1513036800
3866	6430	5.0	1506902400
3867	2992	5.0	1452038400
3869	1653	5.0	1482192000
3870	4066	5.0	1464652800
3871	703	5.0	1460678400
3872	1793	4.0	1498003200
3873	1508	5.0	1459987200
3875	43	5.0	1507680000
3876	5232	5.0	1488844800
3877	1908	5.0	1428969600
3879	2544	5.0	1473033600
3880	977	5.0	1505692800
3881	946	1.0	1504483200
3882	4146	5.0	1491350400
3883	3369	4.0	1474588800
3884	97	5.0	1459814400
3885	3769	5.0	1459900800
3886	90	5.0	1407888000
3887	117	5.0	1466899200
3888	1688	2.0	1450224000
3889	464	4.0	1476576000
3890	2348	5.0	1464307200
3891	4254	5.0	1496188800
3892	484	5.0	1459036800
3893	4754	1.0	1479772800
3894	3384	5.0	1446768000
3895	13	4.0	1507507200
3896	444	5.0	1458518400
3897	4162	5.0	1488585600
3900	5007	5.0	1483401600
3901	2895	1.0	1498089600
3902	1864	5.0	1485907200
3903	427	5.0	1435708800
3904	399	5.0	1429488000
3905	970	5.0	1494892800
3907	1367	5.0	1480464000
3908	202	4.0	1458345600
3909	4735	4.0	1515110400
3910	4066	4.0	1504569600
3911	22	5.0	1480377600
3912	3877	5.0	1439683200
3913	5875	5.0	1484611200
3914	1329	4.0	1468454400
3915	5208	5.0	1460246400
3916	2046	5.0	1427241600
3917	6287	5.0	1495843200
3918	868	5.0	1479600000
3920	5213	4.0	1487894400
3921	1025	5.0	1482278400
3923	2629	5.0	1425340800
3924	446	5.0	1452988800
3927	979	5.0	1466640000
3929	4606	5.0	1478390400
3930	5194	5.0	1478476800
3931	3697	5.0	1432771200
3932	5177	4.0	1509235200
3933	839	3.0	1439251200
3934	5099	5.0	1499817600
3935	240	5.0	1524700800
3936	340	5.0	1424304000
3937	1207	5.0	1440806400
3938	5857	5.0	1479772800
3939	5079	5.0	1489881600
3940	873	5.0	1481587200
3941	3824	4.0	1486598400
3942	4390	3.0	1472515200
3945	4065	5.0	1491177600
3946	977	5.0	1426723200
3947	984	4.0	1449100800
3948	2305	5.0	1527811200
3949	19	5.0	1522540800
3951	4447	3.0	1479513600
3952	3497	5.0	1465776000
3953	857	5.0	1422748800
3954	4066	3.0	1490659200
3955	6179	5.0	1481587200
3956	2144	5.0	1453248000
3957	6217	5.0	1467590400
3958	4066	4.0	1522886400
3959	1329	5.0	1466553600
3960	990	5.0	1425168000
3961	1292	1.0	1442880000
3962	5000	4.0	1480896000
3963	970	5.0	1418515200
3965	3211	5.0	1472083200
3966	4075	5.0	1512950400
3967	3835	5.0	1466985600
3968	974	5.0	1456790400
3969	2756	5.0	1428105600
3970	4076	3.0	1495843200
3973	2047	5.0	1486684800
3976	1670	5.0	1418774400
3977	2009	5.0	1417737600
3978	1794	5.0	1468972800
3980	985	5.0	1432512000
3981	699	5.0	1515715200
3982	4066	5.0	1497225600
3983	4075	5.0	1487289600
3984	873	5.0	1475452800
3986	3657	2.0	1460764800
3987	1251	5.0	1425168000
3988	446	5.0	1457654400
3989	4571	5.0	1524096000
3990	4084	4.0	1439164800
3991	630	3.0	1416096000
3992	474	4.0	1466294400
3993	5379	5.0	1482364800
3995	5337	4.0	1481846400
3996	43	5.0	1498003200
3997	171	5.0	1429833600
3998	3852	2.0	1498348800
4000	3288	5.0	1441324800
4002	4910	5.0	1488844800
4003	117	5.0	1467244800
4004	448	5.0	1481155200
4005	3424	5.0	1505001600
4007	3782	3.0	1456099200
4009	2569	5.0	1492992000
4010	1110	3.0	1453939200
4011	97	5.0	1414108800
4012	3225	4.0	1503014400
4013	2477	4.0	1412640000
4014	55	5.0	1442361600
4015	2310	1.0	1482019200
4016	4795	5.0	1447286400
4018	5764	4.0	1468972800
4019	6131	5.0	1510876800
4020	994	5.0	1480550400
4021	448	4.0	1488931200
4022	5481	4.0	1473724800
4023	478	5.0	1435363200
4024	4568	5.0	1478044800
4025	2336	4.0	1480636800
4026	5855	1.0	1482105600
4027	2440	5.0	1497139200
4028	301	3.0	1480809600
4030	2047	5.0	1514073600
4031	2345	5.0	1477958400
4033	6182	5.0	1493596800
4034	86	3.0	1460246400
4035	4453	5.0	1458259200
4036	3220	5.0	1478044800
4037	256	5.0	1459641600
4038	4511	5.0	1477440000
4039	6245	1.0	1475107200
4041	984	3.0	1483920000
4042	383	5.0	1479513600
4043	3597	5.0	1471824000
4044	1034	3.0	1423008000
4045	880	5.0	1396396800
4046	1618	5.0	1503792000
4047	507	5.0	1518652800
4048	3468	4.0	1452816000
4049	3517	5.0	1459296000
4050	970	5.0	1414972800
4051	44	5.0	1377043200
4052	976	5.0	1437436800
4053	127	5.0	1455926400
4055	117	5.0	1465344000
4056	984	4.0	1505088000
4057	2397	5.0	1419724800
4058	5074	5.0	1473984000
4059	3173	5.0	1454976000
4060	6098	4.0	1476835200
4061	240	3.0	1490832000
4062	4423	3.0	1484438400
4063	3428	5.0	1462233600
4064	6037	1.0	1519862400
4065	2669	5.0	1450137600
4066	777	5.0	1379376000
4068	714	5.0	1492905600
4069	5856	5.0	1489536000
4070	597	5.0	1438560000
4071	2214	3.0	1439510400
4072	984	5.0	1414886400
4073	5853	5.0	1508198400
4074	5637	5.0	1491696000
4075	5525	3.0	1515542400
4076	627	5.0	1419984000
4077	44	5.0	1440979200
4078	97	5.0	1386806400
4079	1972	5.0	1458691200
4080	1816	5.0	1395187200
4081	1772	5.0	1417737600
4083	3083	3.0	1416700800
4084	3552	5.0	1433376000
4085	5108	4.0	1455667200
4086	972	5.0	1501113600
4087	5337	5.0	1487980800
4088	985	5.0	1476662400
4089	2796	5.0	1476921600
4091	1793	5.0	1501632000
4092	4066	3.0	1500076800
4093	293	5.0	1397606400
4094	6080	5.0	1469923200
4096	4873	4.0	1511827200
4097	19	3.0	1458518400
4098	977	3.0	1449100800
4099	3419	5.0	1487635200
4100	6401	1.0	1483747200
4101	165	5.0	1471824000
4102	5549	5.0	1476144000
4103	5169	4.0	1518739200
4104	5316	5.0	1492646400
4106	5857	5.0	1485561600
4107	5856	5.0	1508803200
4108	4165	5.0	1526256000
4109	3875	5.0	1456790400
4110	4816	4.0	1464652800
4111	4923	5.0	1527292800
4112	995	5.0	1461196800
4113	5682	5.0	1474502400
4114	4146	5.0	1443225600
4117	5713	5.0	1479168000
4118	117	5.0	1389744000
4119	6214	5.0	1482710400
4120	2675	4.0	1463788800
4121	561	5.0	1446336000
4122	4865	5.0	1479340800
4123	2352	3.0	1434931200
4125	5928	5.0	1524096000
4126	2895	4.0	1446422400
4127	1819	5.0	1455926400
4128	3290	5.0	1442361600
4129	970	5.0	1497830400
4130	1685	5.0	1502496000
4132	5196	5.0	1469404800
4133	830	2.0	1485302400
4134	48	5.0	1472774400
4135	588	5.0	1411257600
4136	3490	5.0	1432166400
4137	984	5.0	1501632000
4138	4848	5.0	1455408000
4139	383	1.0	1404172800
4140	2532	5.0	1506816000
4141	5857	5.0	1458950400
4142	4089	5.0	1473897600
4143	985	5.0	1441670400
4144	970	5.0	1496102400
4146	240	5.0	1489104000
4147	3155	5.0	1459123200
4148	5941	5.0	1489104000
4149	2857	5.0	1459728000
4150	83	5.0	1448323200
4151	5261	4.0	1500336000
4153	4387	4.0	1503273600
4154	4365	5.0	1463011200
4155	4524	4.0	1463356800
4156	1794	5.0	1491696000
4157	352	5.0	1488585600
4158	1028	5.0	1404777600
4159	2796	5.0	1458345600
4160	3923	5.0	1529452800
4162	4538	5.0	1452988800
4163	42	5.0	1469232000
4164	4568	5.0	1468108800
4165	3556	5.0	1504483200
4166	4081	5.0	1479168000
4167	2461	2.0	1486080000
4168	3623	1.0	1468800000
4169	713	5.0	1451952000
4170	2960	5.0	1482192000
4171	6277	5.0	1514678400
4172	5856	5.0	1457568000
4173	2141	5.0	1456790400
4174	3877	5.0	1492992000
4175	1263	5.0	1483056000
4176	4090	4.0	1502150400
4177	6308	4.0	1493251200
4178	6334	5.0	1519862400
4179	5252	5.0	1480550400
4181	2088	5.0	1470009600
4182	441	3.0	1478044800
4183	4391	5.0	1470009600
4184	715	5.0	1462838400
4185	6441	4.0	1518480000
4186	4032	5.0	1459036800
4187	446	4.0	1481673600
4188	87	5.0	1449014400
4189	4066	4.0	1478563200
4190	240	5.0	1513728000
4192	1443	5.0	1457740800
4193	4002	5.0	1530835200
4194	44	1.0	1501632000
4195	708	3.0	1391644800
4196	240	5.0	1523750400
4197	240	1.0	1488844800
4198	3419	1.0	1472428800
4199	984	5.0	1473206400
4200	873	5.0	1514073600
4201	42	5.0	1483574400
4203	4610	4.0	1500508800
4204	4017	5.0	1448496000
4205	2332	4.0	1438214400
4206	3429	5.0	1460678400
4207	44	5.0	1490054400
4208	6098	5.0	1505692800
4209	3065	5.0	1505433600
4210	4781	5.0	1488240000
4211	5635	4.0	1465689600
4212	248	1.0	1448236800
4216	3099	5.0	1505174400
4217	2942	5.0	1437868800
4218	4066	5.0	1478476800
4219	2770	5.0	1473552000
4220	5458	4.0	1461196800
4221	312	5.0	1458172800
4223	5056	5.0	1478476800
4224	595	1.0	1429056000
4225	340	5.0	1459641600
4227	5000	4.0	1483747200
4228	5755	5.0	1470441600
4230	1183	4.0	1420934400
4231	228	5.0	1482796800
4232	4391	4.0	1465776000
4233	42	5.0	1448323200
4234	4066	5.0	1509321600
4235	4835	5.0	1490832000
4236	456	5.0	1504915200
4237	977	1.0	1461801600
4238	2785	2.0	1524096000
4239	1350	5.0	1495497600
4240	2630	5.0	1424736000
4241	5256	2.0	1464652800
4242	2771	5.0	1473984000
4243	3277	5.0	1480464000
4244	1251	5.0	1430179200
4245	1543	5.0	1429574400
4248	5130	4.0	1501891200
4249	977	4.0	1430524800
4250	2047	2.0	1522713600
4251	14	5.0	1481328000
4253	4078	3.0	1477008000
4254	5321	4.0	1469750400
4255	5667	5.0	1473724800
4256	42	5.0	1469923200
4257	3220	5.0	1465776000
4258	1350	5.0	1447200000
4259	44	5.0	1493164800
4260	6211	5.0	1499817600
4261	1210	5.0	1414368000
4262	2605	5.0	1452816000
4264	97	5.0	1481155200
4265	1308	5.0	1429660800
4266	6303	5.0	1490659200
4267	5055	5.0	1447804800
4268	116	3.0	1439510400
4269	4168	5.0	1458950400
4270	977	5.0	1443484800
4271	5853	2.0	1494028800
4272	970	4.0	1458432000
4273	5462	5.0	1492041600
4274	4089	4.0	1503705600
4275	921	5.0	1370908800
4276	117	4.0	1442275200
4278	977	5.0	1411603200
4279	6457	4.0	1490313600
4280	3707	5.0	1456185600
4281	5106	3.0	1487030400
4282	3350	5.0	1514332800
4283	644	5.0	1455321600
4284	3092	5.0	1460937600
4285	3249	5.0	1451433600
4286	143	4.0	1518048000
4287	6179	4.0	1479859200
4288	6387	1.0	1472947200
4289	4610	5.0	1471824000
4290	1179	5.0	1491955200
4291	59	5.0	1469491200
4292	3150	2.0	1505692800
4294	1036	4.0	1409011200
4295	970	4.0	1503532800
4296	188	3.0	1504656000
4297	1815	5.0	1473292800
4298	44	4.0	1463875200
4299	340	5.0	1514160000
4301	3659	5.0	1481068800
4302	4078	5.0	1422921600
4304	5144	2.0	1517875200
4305	796	5.0	1383350400
4306	1981	5.0	1456185600
4307	5916	5.0	1493164800
4308	6520	5.0	1511222400
4309	3241	5.0	1393718400
4310	1058	5.0	1386028800
4311	330	4.0	1426204800
4312	6516	2.0	1478044800
4313	5709	5.0	1503532800
4314	537	5.0	1432684800
4315	1218	5.0	1424908800
4316	2675	5.0	1456876800
4317	117	5.0	1471564800
4318	15	5.0	1479859200
4320	2356	4.0	1419724800
4321	2243	5.0	1472860800
4322	4820	5.0	1451692800
4324	5492	5.0	1467504000
4325	3460	5.0	1494979200
4326	4281	5.0	1495238400
4327	5468	5.0	1478217600
4329	2047	5.0	1464998400
4330	5857	4.0	1466208000
4331	3318	4.0	1500508800
4332	1251	5.0	1432166400
4333	5521	5.0	1464480000
4334	240	5.0	1490227200
4335	2723	5.0	1514505600
4336	3041	5.0	1437609600
4337	448	1.0	1485388800
4338	79	5.0	1468627200
4339	5401	3.0	1480032000
4340	1788	5.0	1470873600
4341	2830	3.0	1435276800
4342	4506	4.0	1447804800
4343	240	5.0	1484697600
4344	5627	5.0	1472256000
4345	2714	5.0	1512864000
4346	1264	5.0	1508371200
4347	441	5.0	1476835200
4349	4066	4.0	1479254400
4350	4241	1.0	1461974400
4351	2047	5.0	1457308800
4353	4074	5.0	1497571200
4354	5328	4.0	1472774400
4355	3516	5.0	1473811200
4356	5877	5.0	1481068800
4357	5196	5.0	1474416000
4358	3719	4.0	1458000000
4360	714	5.0	1399939200
4361	1778	5.0	1422576000
4362	117	2.0	1505347200
4363	5195	4.0	1528934400
4364	715	5.0	1444608000
4365	4810	5.0	1478217600
4366	595	5.0	1364601600
4367	3737	5.0	1483747200
4368	340	5.0	1429056000
4369	5947	4.0	1467763200
4370	5856	5.0	1461715200
4371	117	4.0	1468108800
4373	5043	5.0	1510099200
4374	240	5.0	1466985600
4375	1367	1.0	1456704000
4376	4362	5.0	1469577600
4377	2047	5.0	1448409600
4379	4579	5.0	1522627200
4380	448	5.0	1411516800
4381	448	5.0	1474934400
4382	3567	5.0	1451001600
4383	3597	5.0	1462406400
4386	42	5.0	1404259200
4387	3032	5.0	1425427200
4389	5256	5.0	1470182400
4390	340	5.0	1491609600
4391	1288	5.0	1417219200
4392	267	5.0	1452902400
4394	868	5.0	1361145600
4396	340	5.0	1423440000
4397	3637	5.0	1477180800
4398	3400	4.0	1502323200
4399	5261	5.0	1470700800
4400	1517	4.0	1447372800
4401	3367	5.0	1499212800
4403	3419	5.0	1457481600
4405	5043	3.0	1510876800
4406	240	5.0	1473379200
4407	1262	5.0	1460419200
4408	5856	4.0	1474934400
4409	3328	4.0	1456876800
4410	426	5.0	1457136000
4411	448	5.0	1513987200
4412	984	3.0	1457395200
4413	5856	5.0	1479254400
4414	2125	4.0	1480464000
4415	1855	4.0	1475280000
4416	19	5.0	1459382400
4417	2154	4.0	1442966400
4418	2626	5.0	1474243200
4419	873	5.0	1477267200
4420	4701	5.0	1488412800
4421	340	5.0	1491436800
4422	5763	5.0	1474329600
4423	1393	3.0	1516838400
4424	3447	5.0	1483401600
4425	2542	5.0	1466467200
4426	2769	5.0	1478131200
4427	4797	4.0	1502236800
4429	240	5.0	1481241600
4430	2016	5.0	1492992000
4432	4568	5.0	1466640000
4433	240	4.0	1455408000
4435	4431	5.0	1515196800
4436	5198	5.0	1483920000
4437	2785	3.0	1498521600
4438	4076	5.0	1450828800
4439	3290	5.0	1450396800
4440	414	4.0	1460332800
4441	1709	4.0	1474070400
4442	3701	5.0	1470528000
4443	975	4.0	1391558400
4444	4089	4.0	1513123200
4445	873	5.0	1452816000
4446	2753	5.0	1426896000
4447	43	5.0	1405728000
4448	1746	4.0	1447718400
4449	5367	5.0	1492732800
4450	97	5.0	1447891200
4451	140	5.0	1470960000
4452	5853	5.0	1492300800
4453	5518	5.0	1484006400
4454	1613	5.0	1420416000
4455	4865	4.0	1492646400
4456	97	5.0	1427068800
4457	1993	5.0	1431907200
4458	4285	5.0	1440115200
4459	4819	5.0	1459814400
4463	3602	5.0	1489449600
4464	2885	4.0	1496188800
4465	2946	5.0	1453939200
4466	839	5.0	1477267200
4467	1590	5.0	1417651200
4468	640	5.0	1519084800
4470	2227	4.0	1446422400
4471	1815	5.0	1445904000
4472	2226	5.0	1416182400
4474	5145	5.0	1477958400
4475	5462	5.0	1481500800
4476	2345	5.0	1502323200
4477	4873	4.0	1525824000
4478	43	5.0	1415232000
4480	1403	5.0	1374192000
4482	19	4.0	1516924800
4483	2386	5.0	1476403200
4484	1388	5.0	1493683200
4486	4488	5.0	1463011200
4487	3609	5.0	1461110400
4488	43	5.0	1503964800
4489	2304	5.0	1513468800
4490	2012	5.0	1408320000
4491	4402	5.0	1500940800
4492	2308	5.0	1464134400
4493	6095	3.0	1521072000
4494	203	5.0	1421971200
4495	540	5.0	1429574400
4496	4797	5.0	1510012800
4497	4066	4.0	1463788800
4498	1994	4.0	1410739200
4499	5806	4.0	1462233600
4500	5864	5.0	1492473600
4501	3080	1.0	1451174400
4502	3517	5.0	1434499200
4503	172	5.0	1472688000
4505	19	2.0	1473465600
4506	4066	5.0	1464393600
4507	4932	5.0	1472428800
4508	851	5.0	1417564800
4509	606	5.0	1471824000
4510	240	5.0	1486080000
4511	1736	5.0	1388016000
4512	2713	5.0	1414108800
4513	987	4.0	1457913600
4514	4084	5.0	1495411200
4515	2614	5.0	1494460800
4516	3015	4.0	1488067200
4517	97	5.0	1418947200
4518	2675	5.0	1513641600
4519	52	5.0	1477526400
4520	1526	5.0	1465603200
4521	44	5.0	1493078400
4523	1045	5.0	1363046400
4524	714	1.0	1463788800
4525	42	5.0	1495670400
4526	2304	5.0	1458000000
4527	5358	4.0	1497398400
4528	3475	5.0	1445040000
4529	984	5.0	1429401600
4530	1793	5.0	1478131200
4531	296	5.0	1521331200
4532	5856	5.0	1524355200
4533	970	5.0	1453161600
4534	4640	5.0	1480464000
4535	5786	1.0	1507420800
4536	2463	5.0	1503964800
4538	3371	5.0	1518652800
4539	2091	5.0	1465862400
4540	4951	1.0	1512518400
4541	6340	5.0	1487203200
4542	907	4.0	1481068800
4543	325	5.0	1473638400
4544	44	5.0	1474848000
4545	448	5.0	1487548800
4546	4000	4.0	1452470400
4547	2895	4.0	1424822400
4548	575	5.0	1317513600
4549	5553	5.0	1533772800
4550	646	4.0	1419811200
4551	685	5.0	1476316800
4553	5054	5.0	1486425600
4554	597	5.0	1458259200
4555	321	5.0	1440633600
4556	2047	1.0	1481932800
4557	5856	5.0	1510704000
4558	43	5.0	1367193600
4559	1025	5.0	1415577600
4560	4807	4.0	1466035200
4561	4690	5.0	1528243200
4563	1251	4.0	1511308800
4567	255	5.0	1436400000
4570	3556	5.0	1484784000
4572	240	3.0	1506643200
4573	1536	5.0	1474416000
4574	2675	5.0	1480118400
4575	290	5.0	1416355200
4576	6382	5.0	1510444800
4577	6138	3.0	1476144000
4578	1404	5.0	1411516800
4579	1815	5.0	1476057600
4580	4066	5.0	1521158400
4581	4458	5.0	1487808000
4582	19	5.0	1485993600
4583	2411	3.0	1433980800
4585	4446	5.0	1450224000
4586	984	5.0	1526515200
4587	6510	5.0	1482796800
4588	42	5.0	1435536000
4589	1818	5.0	1430956800
4590	310	5.0	1425081600
4592	177	5.0	1461369600
4594	3988	5.0	1466640000
4595	715	5.0	1421280000
4597	2987	5.0	1423008000
4598	83	5.0	1525392000
4599	4979	4.0	1483142400
4600	3737	5.0	1491868800
4601	976	5.0	1435017600
4602	2868	5.0	1418774400
4603	1206	4.0	1417824000
4604	1926	5.0	1436140800
4605	3211	5.0	1439510400
4607	4542	3.0	1523836800
4608	970	5.0	1457136000
4609	44	5.0	1388880000
4610	913	5.0	1510704000
4611	3222	5.0	1460937600
4613	116	5.0	1497052800
4614	5856	3.0	1500336000
4615	3567	3.0	1487635200
4616	884	4.0	1447372800
4617	1131	5.0	1445212800
4618	4139	4.0	1464739200
4619	43	5.0	1359676800
4620	4446	5.0	1451347200
4621	2832	5.0	1477267200
4622	1819	5.0	1461283200
4623	970	5.0	1418428800
4625	262	4.0	1493856000
4626	662	5.0	1527292800
4627	839	5.0	1476662400
4628	2597	5.0	1496534400
4629	2497	3.0	1513296000
4630	3657	4.0	1488585600
4632	2677	5.0	1455408000
4633	4690	3.0	1528502400
4634	5935	5.0	1474243200
4636	5043	5.0	1518998400
4640	448	5.0	1485561600
4641	1815	5.0	1455062400
4642	898	4.0	1480377600
4643	340	5.0	1466380800
4644	4425	5.0	1476230400
4645	6308	5.0	1482278400
4646	4026	5.0	1487376000
4647	685	5.0	1492041600
4650	240	1.0	1466553600
4651	1356	5.0	1454025600
4652	1393	5.0	1492905600
4653	43	5.0	1370563200
4654	1188	5.0	1471219200
4655	3277	5.0	1482451200
4656	2008	5.0	1444953600
4657	984	5.0	1486339200
4658	1165	4.0	1405382400
4660	3732	5.0	1483574400
4661	4483	5.0	1507507200
4662	1227	5.0	1424131200
4663	5864	5.0	1466121600
4665	873	5.0	1498348800
4666	3614	5.0	1490227200
4667	1663	3.0	1517529600
4668	79	1.0	1460419200
